Codigo,Despesa,UO,orgao_ug_desp,UG,ug_desp,Valor
31900101,PROVENTOS - PESSOAL CIVIL,26269,UNIVERSIDADE FEDERAL DO ESTADO RIO DE JANEIRO,154034,UNIRIO UNIVERSIDADE FEDERAL DO ESTADO RJ,"R$ 19.421.282,61"
31900101,PROVENTOS - PESSOAL CIVIL,26269,UNIVERSIDADE FEDERAL DO ESTADO RIO DE JANEIRO,154034,UNIRIO UNIVERSIDADE FEDERAL DO ESTADO RJ,"R$ 0,00"
31900101,PROVENTOS - PESSOAL CIVIL,26269,UNIVERSIDADE FEDERAL DO ESTADO RIO DE JANEIRO,154034,UNIRIO UNIVERSIDADE FEDERAL DO ESTADO RJ,"R$ 1.508.941,00"
31900101,PROVENTOS - PESSOAL CIVIL,26269,UNIVERSIDADE FEDERAL DO ESTADO RIO DE JANEIRO,154034,UNIRIO UNIVERSIDADE FEDERAL DO ESTADO RJ,"R$ 0,00"
31900101,PROVENTOS - PESSOAL CIVIL,26269,UNIVERSIDADE FEDERAL DO ESTADO RIO DE JANEIRO,154034,UNIRIO UNIVERSIDADE FEDERAL DO ESTADO RJ,"R$ 40.553.603,61"
31900106,13 SALARIO - PESSOAL CIVIL,26269,UNIVERSIDADE FEDERAL DO ESTADO RIO DE JANEIRO,154034,UNIRIO UNIVERSIDADE FEDERAL DO ESTADO RJ,"R$ 138.712,24"
31900106,13 SALARIO - PESSOAL CIVIL,26269,UNIVERSIDADE FEDERAL DO ESTADO RIO DE JANEIRO,154034,UNIRIO UNIVERSIDADE FEDERAL DO ESTADO RJ,"R$ 3.289.432,00"
31900106,13 SALARIO - PESSOAL CIVIL,26269,UNIVERSIDADE FEDERAL DO ESTADO RIO DE JANEIRO,154034,UNIRIO UNIVERSIDADE FEDERAL DO ESTADO RJ,"R$ 3.204.910,10"
31900109,ADICIONAL POR TEMPO DE SERVICO PESSOAL CIVIL,26269,UNIVERSIDADE FEDERAL DO ESTADO RIO DE JANEIRO,154034,UNIRIO UNIVERSIDADE FEDERAL DO ESTADO RJ,"R$ 7.806.658,75"
31900116,APOSENT ORIGINARIA DE SUBSIDIOS - PESSOAL CIV,26269,UNIVERSIDADE FEDERAL DO ESTADO RIO DE JANEIRO,154034,UNIRIO UNIVERSIDADE FEDERAL DO ESTADO RJ,"R$ 1.025.682,46"
31900134,VANTAGENS PERMANENTES SENT.TRANSIT.JULG.CIVIL,26269,UNIVERSIDADE FEDERAL DO ESTADO RIO DE JANEIRO,154034,UNIRIO UNIVERSIDADE FEDERAL DO ESTADO RJ,"R$ 746.229,30"
31900187,COMPLEMENTACAO DE APOSENTADORIAS - PES CIVIL,26269,UNIVERSIDADE FEDERAL DO ESTADO RIO DE JANEIRO,154034,UNIRIO UNIVERSIDADE FEDERAL DO ESTADO RJ,"R$ 206.886,05"
31900301,PENSOES CIVIS,26269,UNIVERSIDADE FEDERAL DO ESTADO RIO DE JANEIRO,154034,UNIRIO UNIVERSIDADE FEDERAL DO ESTADO RJ,"R$ 13.153.137,45"
31900303,13 SALARIO - PENSOES CIVIS,26269,UNIVERSIDADE FEDERAL DO ESTADO RIO DE JANEIRO,154034,UNIRIO UNIVERSIDADE FEDERAL DO ESTADO RJ,"R$ 1.218.648,90"
31900386,COMPLEMENTACAO DE PENSOES - PESSOAL CIVIL,26269,UNIVERSIDADE FEDERAL DO ESTADO RIO DE JANEIRO,154034,UNIRIO UNIVERSIDADE FEDERAL DO ESTADO RJ,"R$ 121.394,56"
31900401,SALARIO CONTRATO TEMPORARIO,26269,UNIVERSIDADE FEDERAL DO ESTADO RIO DE JANEIRO,154034,UNIRIO UNIVERSIDADE FEDERAL DO ESTADO RJ,"R$ 3.245.826,75"
31900412,FERIAS VENCIDAS/PROPORCIONAIS - CONTRATO TEMPORARIO,26269,UNIVERSIDADE FEDERAL DO ESTADO RIO DE JANEIRO,154034,UNIRIO UNIVERSIDADE FEDERAL DO ESTADO RJ,"R$ 69.002,94"
31900413,13¿ SALARIO - CONTRATO TEMPORARIO,26269,UNIVERSIDADE FEDERAL DO ESTADO RIO DE JANEIRO,154034,UNIRIO UNIVERSIDADE FEDERAL DO ESTADO RJ,"R$ 307.888,59"
31900414,FERIAS - ABONO CONSTITUCIONAL - CONTRATO TEMPORARIO,26269,UNIVERSIDADE FEDERAL DO ESTADO RIO DE JANEIRO,154034,UNIRIO UNIVERSIDADE FEDERAL DO ESTADO RJ,"R$ 25.343,38"
31900416,FERIAS PAGAMENTO ANTECIPADO - CONTRATOS TEMPORARIOS,26269,UNIVERSIDADE FEDERAL DO ESTADO RIO DE JANEIRO,154034,UNIRIO UNIVERSIDADE FEDERAL DO ESTADO RJ,"R$ 0,00"
31900706,CONTRIBUICAO PATRONAL - FUNPRESP LEI 12618/12,26269,UNIVERSIDADE FEDERAL DO ESTADO RIO DE JANEIRO,154034,UNIRIO UNIVERSIDADE FEDERAL DO ESTADO RJ,"R$ 462.446,42"
31901101,VENCIMENTOS E SALARIOS,26269,UNIVERSIDADE FEDERAL DO ESTADO RIO DE JANEIRO,154034,UNIRIO UNIVERSIDADE FEDERAL DO ESTADO RJ,"R$ 87.756.340,19"
31901104,ADICIONAL NOTURNO,26269,UNIVERSIDADE FEDERAL DO ESTADO RIO DE JANEIRO,154034,UNIRIO UNIVERSIDADE FEDERAL DO ESTADO RJ,"R$ 23.996,80"
31901105,INCORPORACOES,26269,UNIVERSIDADE FEDERAL DO ESTADO RIO DE JANEIRO,154034,UNIRIO UNIVERSIDADE FEDERAL DO ESTADO RJ,"R$ 267.935,90"
31901106,VANTAGENS PERM.SENT.JUD.TRANS.JULGADO - CIVIL,26269,UNIVERSIDADE FEDERAL DO ESTADO RIO DE JANEIRO,154034,UNIRIO UNIVERSIDADE FEDERAL DO ESTADO RJ,"R$ 165.496,57"
31901107,ABONO DE PERMANENCIA,26269,UNIVERSIDADE FEDERAL DO ESTADO RIO DE JANEIRO,154034,UNIRIO UNIVERSIDADE FEDERAL DO ESTADO RJ,"R$ 3.037.569,07"
31901109,ADICIONAL DE PERICULOSIDADE,26269,UNIVERSIDADE FEDERAL DO ESTADO RIO DE JANEIRO,154034,UNIRIO UNIVERSIDADE FEDERAL DO ESTADO RJ,"R$ 14.498,43"
31901110,ADICIONAL DE INSALUBRIDADE,26269,UNIVERSIDADE FEDERAL DO ESTADO RIO DE JANEIRO,154034,UNIRIO UNIVERSIDADE FEDERAL DO ESTADO RJ,"R$ 1.751.921,05"
31901131,GRATIFICACAO POR EXERCICIO DE CARGO EFETIVO,26269,UNIVERSIDADE FEDERAL DO ESTADO RIO DE JANEIRO,154034,UNIRIO UNIVERSIDADE FEDERAL DO ESTADO RJ,"R$ 65.072.953,80"
31901133,GRAT POR EXERCICIO DE FUNCOES COMISSIONADAS,26269,UNIVERSIDADE FEDERAL DO ESTADO RIO DE JANEIRO,154034,UNIRIO UNIVERSIDADE FEDERAL DO ESTADO RJ,"R$ 1.237.757,01"
31901136,GRATIFICACAO P/EXERCICIO DE CARGO EM COMISSAO,26269,UNIVERSIDADE FEDERAL DO ESTADO RIO DE JANEIRO,154034,UNIRIO UNIVERSIDADE FEDERAL DO ESTADO RJ,"R$ 3.448.786,40"
31901137,GRATIFICACAO DE TEMPO DE SERVICO,26269,UNIVERSIDADE FEDERAL DO ESTADO RIO DE JANEIRO,154034,UNIRIO UNIVERSIDADE FEDERAL DO ESTADO RJ,"R$ 3.031.650,44"
31901141,GRATIFICACAO POR ATIVIDADES EXPOSTAS,26269,UNIVERSIDADE FEDERAL DO ESTADO RIO DE JANEIRO,154034,UNIRIO UNIVERSIDADE FEDERAL DO ESTADO RJ,"R$ 0,00"
31901142,FERIAS VENCIDAS E PROPORCIONAIS,26269,UNIVERSIDADE FEDERAL DO ESTADO RIO DE JANEIRO,154034,UNIRIO UNIVERSIDADE FEDERAL DO ESTADO RJ,"R$ 633.862,37"
31901143,13¿ SALARIO,26269,UNIVERSIDADE FEDERAL DO ESTADO RIO DE JANEIRO,154034,UNIRIO UNIVERSIDADE FEDERAL DO ESTADO RJ,"R$ 13.114.976,04"
31901145,FERIAS - 1/3 CONSTITUCIONAL,26269,UNIVERSIDADE FEDERAL DO ESTADO RIO DE JANEIRO,154034,UNIRIO UNIVERSIDADE FEDERAL DO ESTADO RJ,"R$ 3.222.059,99"
31901146,FERIAS - PAGAMENTO ANTECIPADO,26269,UNIVERSIDADE FEDERAL DO ESTADO RIO DE JANEIRO,154034,UNIRIO UNIVERSIDADE FEDERAL DO ESTADO RJ,"R$ 97.196,77"
31901301,FGTS,26269,UNIVERSIDADE FEDERAL DO ESTADO RIO DE JANEIRO,154034,UNIRIO UNIVERSIDADE FEDERAL DO ESTADO RJ,"R$ 6.282,13"
31901301,FGTS,26269,UNIVERSIDADE FEDERAL DO ESTADO RIO DE JANEIRO,154034,UNIRIO UNIVERSIDADE FEDERAL DO ESTADO RJ,"R$ 0,00"
31901632,SUBSTITUICOES,26269,UNIVERSIDADE FEDERAL DO ESTADO RIO DE JANEIRO,154034,UNIRIO UNIVERSIDADE FEDERAL DO ESTADO RJ,"R$ 310.200,97"
31901636,ADICIONAL POR PLANTAO HOSPITALAR,26269,UNIVERSIDADE FEDERAL DO ESTADO RIO DE JANEIRO,154034,UNIRIO UNIVERSIDADE FEDERAL DO ESTADO RJ,"R$ 638.468,68"
31901644,SERVICOS EXTRAORDINARIOS,26269,UNIVERSIDADE FEDERAL DO ESTADO RIO DE JANEIRO,154034,UNIRIO UNIVERSIDADE FEDERAL DO ESTADO RJ,"R$ 8.812,58"
31909101,PRECATORIOS - ATIVO CIVIL,12000,JUSTICA FEDERAL,90048,TRIBUNAL REGIONAL FEDERAL DA 2A. REG.-PR. RPV,"R$ 470.403,01"
31909114,SENT.JUD.NAO TRANS JULG CARAT CONT AT CIVIL,26269,UNIVERSIDADE FEDERAL DO ESTADO RIO DE JANEIRO,154034,UNIRIO UNIVERSIDADE FEDERAL DO ESTADO RJ,"R$ 74.510,21"
31909115,SENT.JUD.NAO TRANS JULG CARAT CONT INAT CIVIL,26269,UNIVERSIDADE FEDERAL DO ESTADO RIO DE JANEIRO,154034,UNIRIO UNIVERSIDADE FEDERAL DO ESTADO RJ,"R$ 38.112,15"
31909116,SENT.JUD.NAO TRANS.JULG CARAT CONT PENS CIVIL,26269,UNIVERSIDADE FEDERAL DO ESTADO RIO DE JANEIRO,154034,UNIRIO UNIVERSIDADE FEDERAL DO ESTADO RJ,"R$ 117.439,30"
31909123,PRECATORIOS - INATIVO CIVIL,12000,JUSTICA FEDERAL,90048,TRIBUNAL REGIONAL FEDERAL DA 2A. REG.-PR. RPV,"R$ 359.925,15"
31909197,OUTROS PRECATORIOS JUDICIAIS,15000,JUSTICA DO TRABALHO,80009,TRIBUNAL REGIONAL DO TRABALHO DA 1A.REGIAO,"R$ 3.502.243,91"
31909201,"APOSENTADORIAS, RESERVA REMUNERADA E REFORMAS",26269,UNIVERSIDADE FEDERAL DO ESTADO RIO DE JANEIRO,154034,UNIRIO UNIVERSIDADE FEDERAL DO ESTADO RJ,"R$ 152.972,13"
31909203,PENSOES DO RPPS E DO MILITAR,26269,UNIVERSIDADE FEDERAL DO ESTADO RIO DE JANEIRO,154034,UNIRIO UNIVERSIDADE FEDERAL DO ESTADO RJ,"R$ 55.465,36"
31909211,VENCIMENTOS E VANTAGENS FIXAS - PESSOAL CIVIL,26269,UNIVERSIDADE FEDERAL DO ESTADO RIO DE JANEIRO,154034,UNIRIO UNIVERSIDADE FEDERAL DO ESTADO RJ,"R$ 455.822,89"
31909213,OBRIGACOES PATRONAIS,26269,UNIVERSIDADE FEDERAL DO ESTADO RIO DE JANEIRO,154034,UNIRIO UNIVERSIDADE FEDERAL DO ESTADO RJ,"R$ 26.844,17"
31909296,RESSARC. DE DESPESAS DE PESSOAL REQUISITADO,26269,UNIVERSIDADE FEDERAL DO ESTADO RIO DE JANEIRO,154034,UNIRIO UNIVERSIDADE FEDERAL DO ESTADO RJ,"R$ 55.555,13"
31909296,RESSARC. DE DESPESAS DE PESSOAL REQUISITADO,26269,UNIVERSIDADE FEDERAL DO ESTADO RIO DE JANEIRO,154034,UNIRIO UNIVERSIDADE FEDERAL DO ESTADO RJ,"R$ 0,00"
31909416,INDENIZACAO EM DECORRENCIA DE ADESAO AO PDV - PROGRAMA DE DESLIGAMENTO E/OU DEMISSAO VOLUNTARIA,26269,UNIVERSIDADE FEDERAL DO ESTADO RIO DE JANEIRO,154034,UNIRIO UNIVERSIDADE FEDERAL DO ESTADO RJ,"R$ 32.879,92"
31909601,PESSOAL REQUISITADO DE OUTROS ORGAOS DA APF,26269,UNIVERSIDADE FEDERAL DO ESTADO RIO DE JANEIRO,154034,UNIRIO UNIVERSIDADE FEDERAL DO ESTADO RJ,"R$ 0,00"
31909602,PESSOAL REQUISITADO DE OUTROS ENTES,26269,UNIVERSIDADE FEDERAL DO ESTADO RIO DE JANEIRO,154034,UNIRIO UNIVERSIDADE FEDERAL DO ESTADO RJ,"R$ 48.450,16"
31911302,CONTRIBUICOES PREVIDENCIARIAS - INSS,26269,UNIVERSIDADE FEDERAL DO ESTADO RIO DE JANEIRO,154034,UNIRIO UNIVERSIDADE FEDERAL DO ESTADO RJ,"R$ 942.404,28"
31911303,CONTRIBUICAO PATRONAL PARA O RPPS,26269,UNIVERSIDADE FEDERAL DO ESTADO RIO DE JANEIRO,154034,UNIRIO UNIVERSIDADE FEDERAL DO ESTADO RJ,"R$ 37.623.466,52"
31919213,OBRIGACOES PATRONAIS,26269,UNIVERSIDADE FEDERAL DO ESTADO RIO DE JANEIRO,154034,UNIRIO UNIVERSIDADE FEDERAL DO ESTADO RJ,"R$ 0,00"
31919213,OBRIGACOES PATRONAIS,26269,UNIVERSIDADE FEDERAL DO ESTADO RIO DE JANEIRO,154034,UNIRIO UNIVERSIDADE FEDERAL DO ESTADO RJ,"R$ 215,37"
33504108,ENTIDADES REPRESENTATIVAS DE CLASSE,26269,UNIVERSIDADE FEDERAL DO ESTADO RIO DE JANEIRO,154034,UNIRIO UNIVERSIDADE FEDERAL DO ESTADO RJ,"R$ 0,00"
33504108,ENTIDADES REPRESENTATIVAS DE CLASSE,26269,UNIVERSIDADE FEDERAL DO ESTADO RIO DE JANEIRO,154034,UNIRIO UNIVERSIDADE FEDERAL DO ESTADO RJ,"R$ 24.200,23"
33504108,ENTIDADES REPRESENTATIVAS DE CLASSE,26269,UNIVERSIDADE FEDERAL DO ESTADO RIO DE JANEIRO,154034,UNIRIO UNIVERSIDADE FEDERAL DO ESTADO RJ,"R$ 24.320,06"
33504108,ENTIDADES REPRESENTATIVAS DE CLASSE,26269,UNIVERSIDADE FEDERAL DO ESTADO RIO DE JANEIRO,154034,UNIRIO UNIVERSIDADE FEDERAL DO ESTADO RJ,"R$ 0,00"
33504108,ENTIDADES REPRESENTATIVAS DE CLASSE,26269,UNIVERSIDADE FEDERAL DO ESTADO RIO DE JANEIRO,154034,UNIRIO UNIVERSIDADE FEDERAL DO ESTADO RJ,"R$ 0,00"
33504108,ENTIDADES REPRESENTATIVAS DE CLASSE,26269,UNIVERSIDADE FEDERAL DO ESTADO RIO DE JANEIRO,154034,UNIRIO UNIVERSIDADE FEDERAL DO ESTADO RJ,"R$ 250,00"
33504108,ENTIDADES REPRESENTATIVAS DE CLASSE,26269,UNIVERSIDADE FEDERAL DO ESTADO RIO DE JANEIRO,154034,UNIRIO UNIVERSIDADE FEDERAL DO ESTADO RJ,"R$ 1.500,00"
33504108,ENTIDADES REPRESENTATIVAS DE CLASSE,26269,UNIVERSIDADE FEDERAL DO ESTADO RIO DE JANEIRO,154034,UNIRIO UNIVERSIDADE FEDERAL DO ESTADO RJ,"R$ 4.448,00"
33504108,ENTIDADES REPRESENTATIVAS DE CLASSE,26269,UNIVERSIDADE FEDERAL DO ESTADO RIO DE JANEIRO,154034,UNIRIO UNIVERSIDADE FEDERAL DO ESTADO RJ,"R$ 798,00"
33504108,ENTIDADES REPRESENTATIVAS DE CLASSE,26269,UNIVERSIDADE FEDERAL DO ESTADO RIO DE JANEIRO,154034,UNIRIO UNIVERSIDADE FEDERAL DO ESTADO RJ,"R$ 2.750,00"
33504108,ENTIDADES REPRESENTATIVAS DE CLASSE,26269,UNIVERSIDADE FEDERAL DO ESTADO RIO DE JANEIRO,154034,UNIRIO UNIVERSIDADE FEDERAL DO ESTADO RJ,"R$ 1.350,00"
33504108,ENTIDADES REPRESENTATIVAS DE CLASSE,26269,UNIVERSIDADE FEDERAL DO ESTADO RIO DE JANEIRO,154034,UNIRIO UNIVERSIDADE FEDERAL DO ESTADO RJ,"R$ 500,00"
33504108,ENTIDADES REPRESENTATIVAS DE CLASSE,26269,UNIVERSIDADE FEDERAL DO ESTADO RIO DE JANEIRO,154034,UNIRIO UNIVERSIDADE FEDERAL DO ESTADO RJ,"R$ 0,00"
33504108,ENTIDADES REPRESENTATIVAS DE CLASSE,26269,UNIVERSIDADE FEDERAL DO ESTADO RIO DE JANEIRO,154034,UNIRIO UNIVERSIDADE FEDERAL DO ESTADO RJ,"R$ 4.770,00"
33504108,ENTIDADES REPRESENTATIVAS DE CLASSE,26269,UNIVERSIDADE FEDERAL DO ESTADO RIO DE JANEIRO,154034,UNIRIO UNIVERSIDADE FEDERAL DO ESTADO RJ,"R$ 1.500,00"
33504108,ENTIDADES REPRESENTATIVAS DE CLASSE,26269,UNIVERSIDADE FEDERAL DO ESTADO RIO DE JANEIRO,154034,UNIRIO UNIVERSIDADE FEDERAL DO ESTADO RJ,"R$ 800,00"
33504108,ENTIDADES REPRESENTATIVAS DE CLASSE,26269,UNIVERSIDADE FEDERAL DO ESTADO RIO DE JANEIRO,154034,UNIRIO UNIVERSIDADE FEDERAL DO ESTADO RJ,"R$ 245,00"
33504108,ENTIDADES REPRESENTATIVAS DE CLASSE,26269,UNIVERSIDADE FEDERAL DO ESTADO RIO DE JANEIRO,154034,UNIRIO UNIVERSIDADE FEDERAL DO ESTADO RJ,"R$ 0,00"
33804101,INSTIT. DE CARATER CULTURAL OU EDUCACIONAL,26269,UNIVERSIDADE FEDERAL DO ESTADO RIO DE JANEIRO,154034,UNIRIO UNIVERSIDADE FEDERAL DO ESTADO RJ,"R$ 1.324,70"
33804101,INSTIT. DE CARATER CULTURAL OU EDUCACIONAL,26269,UNIVERSIDADE FEDERAL DO ESTADO RIO DE JANEIRO,154034,UNIRIO UNIVERSIDADE FEDERAL DO ESTADO RJ,"R$ 5.390,99"
33804101,INSTIT. DE CARATER CULTURAL OU EDUCACIONAL,26269,UNIVERSIDADE FEDERAL DO ESTADO RIO DE JANEIRO,154034,UNIRIO UNIVERSIDADE FEDERAL DO ESTADO RJ,"R$ 0,00"
33900421,AUXILIO-ALIMENTACAO,26269,UNIVERSIDADE FEDERAL DO ESTADO RIO DE JANEIRO,154034,UNIRIO UNIVERSIDADE FEDERAL DO ESTADO RJ,"R$ 217.946,48"
33900422,AUXILIO-CRECHE,26269,UNIVERSIDADE FEDERAL DO ESTADO RIO DE JANEIRO,154034,UNIRIO UNIVERSIDADE FEDERAL DO ESTADO RJ,"R$ 17.157,45"
33900423,AUXILIO-TRANSPORTE,26269,UNIVERSIDADE FEDERAL DO ESTADO RIO DE JANEIRO,154034,UNIRIO UNIVERSIDADE FEDERAL DO ESTADO RJ,"R$ 38.029,70"
33900801,AUXILIO-FUNERAL ATIVO CIVIL,26269,UNIVERSIDADE FEDERAL DO ESTADO RIO DE JANEIRO,154034,UNIRIO UNIVERSIDADE FEDERAL DO ESTADO RJ,"R$ 21.923,49"
33900803,AUXILIO-FUNERAL INATIVO CIVIL,26269,UNIVERSIDADE FEDERAL DO ESTADO RIO DE JANEIRO,154034,UNIRIO UNIVERSIDADE FEDERAL DO ESTADO RJ,"R$ 82.232,88"
33900805,AUXILIO NATALIDADE ATIVO CIVIL,26269,UNIVERSIDADE FEDERAL DO ESTADO RIO DE JANEIRO,154034,UNIRIO UNIVERSIDADE FEDERAL DO ESTADO RJ,"R$ 15.162,75"
33900809,AUXILIO-CRECHE CIVIL,26269,UNIVERSIDADE FEDERAL DO ESTADO RIO DE JANEIRO,154034,UNIRIO UNIVERSIDADE FEDERAL DO ESTADO RJ,"R$ 533.405,70"
33900809,AUXILIO-CRECHE CIVIL,26269,UNIVERSIDADE FEDERAL DO ESTADO RIO DE JANEIRO,154034,UNIRIO UNIVERSIDADE FEDERAL DO ESTADO RJ,"R$ 0,00"
33901414,DIARIAS NO PAIS,26269,UNIVERSIDADE FEDERAL DO ESTADO RIO DE JANEIRO,154034,UNIRIO UNIVERSIDADE FEDERAL DO ESTADO RJ,"R$ 117.980,37"
33901414,DIARIAS NO PAIS,26269,UNIVERSIDADE FEDERAL DO ESTADO RIO DE JANEIRO,154034,UNIRIO UNIVERSIDADE FEDERAL DO ESTADO RJ,"R$ 4.117,79"
33901416,DIARIAS NO EXTERIOR,26269,UNIVERSIDADE FEDERAL DO ESTADO RIO DE JANEIRO,154034,UNIRIO UNIVERSIDADE FEDERAL DO ESTADO RJ,"R$ 22.387,33"
33901416,DIARIAS NO EXTERIOR,26269,UNIVERSIDADE FEDERAL DO ESTADO RIO DE JANEIRO,154034,UNIRIO UNIVERSIDADE FEDERAL DO ESTADO RJ,"R$ 62.371,18"
33901801,BOLSAS DE ESTUDO NO PAIS,26269,UNIVERSIDADE FEDERAL DO ESTADO RIO DE JANEIRO,154034,UNIRIO UNIVERSIDADE FEDERAL DO ESTADO RJ,"R$ 4.756.700,00"
33901801,BOLSAS DE ESTUDO NO PAIS,26269,UNIVERSIDADE FEDERAL DO ESTADO RIO DE JANEIRO,154034,UNIRIO UNIVERSIDADE FEDERAL DO ESTADO RJ,"R$ 14.928,00"
33901801,BOLSAS DE ESTUDO NO PAIS,26269,UNIVERSIDADE FEDERAL DO ESTADO RIO DE JANEIRO,154034,UNIRIO UNIVERSIDADE FEDERAL DO ESTADO RJ,"R$ 4.626.988,00"
33901804,AUXILIOS PARA DESENV. DE ESTUDOS E PESQUISAS,26269,UNIVERSIDADE FEDERAL DO ESTADO RIO DE JANEIRO,154034,UNIRIO UNIVERSIDADE FEDERAL DO ESTADO RJ,"R$ 0,00"
33901804,AUXILIOS PARA DESENV. DE ESTUDOS E PESQUISAS,26269,UNIVERSIDADE FEDERAL DO ESTADO RIO DE JANEIRO,154034,UNIRIO UNIVERSIDADE FEDERAL DO ESTADO RJ,"R$ 46.611,61"
33901804,AUXILIOS PARA DESENV. DE ESTUDOS E PESQUISAS,26269,UNIVERSIDADE FEDERAL DO ESTADO RIO DE JANEIRO,154034,UNIRIO UNIVERSIDADE FEDERAL DO ESTADO RJ,"R$ 16.031,00"
33901804,AUXILIOS PARA DESENV. DE ESTUDOS E PESQUISAS,26269,UNIVERSIDADE FEDERAL DO ESTADO RIO DE JANEIRO,154034,UNIRIO UNIVERSIDADE FEDERAL DO ESTADO RJ,"R$ 2.500,00"
33902001,AUXILIO A PESQUISADORES,26269,UNIVERSIDADE FEDERAL DO ESTADO RIO DE JANEIRO,154034,UNIRIO UNIVERSIDADE FEDERAL DO ESTADO RJ,"R$ 46.905,00"
33902001,AUXILIO A PESQUISADORES,26269,UNIVERSIDADE FEDERAL DO ESTADO RIO DE JANEIRO,154034,UNIRIO UNIVERSIDADE FEDERAL DO ESTADO RJ,"R$ 88.794,00"
33903001,COMBUSTIVEIS E LUBRIFICANTES AUTOMOTIVOS,26269,UNIVERSIDADE FEDERAL DO ESTADO RIO DE JANEIRO,154034,UNIRIO UNIVERSIDADE FEDERAL DO ESTADO RJ,"R$ 0,00"
33903001,COMBUSTIVEIS E LUBRIFICANTES AUTOMOTIVOS,26269,UNIVERSIDADE FEDERAL DO ESTADO RIO DE JANEIRO,154034,UNIRIO UNIVERSIDADE FEDERAL DO ESTADO RJ,"R$ 34.313,85"
33903004,GAS E OUTROS MATERIAIS ENGARRAFADOS,26269,UNIVERSIDADE FEDERAL DO ESTADO RIO DE JANEIRO,154034,UNIRIO UNIVERSIDADE FEDERAL DO ESTADO RJ,"R$ 10.200,00"
33903007,GENEROS DE ALIMENTACAO,26269,UNIVERSIDADE FEDERAL DO ESTADO RIO DE JANEIRO,154034,UNIRIO UNIVERSIDADE FEDERAL DO ESTADO RJ,"R$ 0,00"
33903007,GENEROS DE ALIMENTACAO,26269,UNIVERSIDADE FEDERAL DO ESTADO RIO DE JANEIRO,154034,UNIRIO UNIVERSIDADE FEDERAL DO ESTADO RJ,"R$ 0,00"
33903007,GENEROS DE ALIMENTACAO,26269,UNIVERSIDADE FEDERAL DO ESTADO RIO DE JANEIRO,154034,UNIRIO UNIVERSIDADE FEDERAL DO ESTADO RJ,"R$ 57.749,99"
33903011,MATERIAL QUIMICO,26269,UNIVERSIDADE FEDERAL DO ESTADO RIO DE JANEIRO,154034,UNIRIO UNIVERSIDADE FEDERAL DO ESTADO RJ,"R$ 0,00"
33903011,MATERIAL QUIMICO,26269,UNIVERSIDADE FEDERAL DO ESTADO RIO DE JANEIRO,154034,UNIRIO UNIVERSIDADE FEDERAL DO ESTADO RJ,"R$ 0,00"
33903011,MATERIAL QUIMICO,26269,UNIVERSIDADE FEDERAL DO ESTADO RIO DE JANEIRO,154034,UNIRIO UNIVERSIDADE FEDERAL DO ESTADO RJ,"R$ 8.188,35"
33903011,MATERIAL QUIMICO,26269,UNIVERSIDADE FEDERAL DO ESTADO RIO DE JANEIRO,154034,UNIRIO UNIVERSIDADE FEDERAL DO ESTADO RJ,"R$ 0,00"
33903013,MATERIAL DE CACA E PESCA,26269,UNIVERSIDADE FEDERAL DO ESTADO RIO DE JANEIRO,154034,UNIRIO UNIVERSIDADE FEDERAL DO ESTADO RJ,"R$ 77,78"
33903014,MATERIAL EDUCATIVO E ESPORTIVO,26269,UNIVERSIDADE FEDERAL DO ESTADO RIO DE JANEIRO,154034,UNIRIO UNIVERSIDADE FEDERAL DO ESTADO RJ,"R$ 0,00"
33903015,MATERIAL P/ FESTIVIDADES E HOMENAGENS,26269,UNIVERSIDADE FEDERAL DO ESTADO RIO DE JANEIRO,154034,UNIRIO UNIVERSIDADE FEDERAL DO ESTADO RJ,"R$ 0,00"
33903016,MATERIAL DE EXPEDIENTE,26269,UNIVERSIDADE FEDERAL DO ESTADO RIO DE JANEIRO,154034,UNIRIO UNIVERSIDADE FEDERAL DO ESTADO RJ,"R$ 0,00"
33903016,MATERIAL DE EXPEDIENTE,26269,UNIVERSIDADE FEDERAL DO ESTADO RIO DE JANEIRO,154034,UNIRIO UNIVERSIDADE FEDERAL DO ESTADO RJ,"R$ 0,00"
33903016,MATERIAL DE EXPEDIENTE,26269,UNIVERSIDADE FEDERAL DO ESTADO RIO DE JANEIRO,154034,UNIRIO UNIVERSIDADE FEDERAL DO ESTADO RJ,"R$ 998,00"
33903016,MATERIAL DE EXPEDIENTE,26269,UNIVERSIDADE FEDERAL DO ESTADO RIO DE JANEIRO,154034,UNIRIO UNIVERSIDADE FEDERAL DO ESTADO RJ,"R$ 203.483,67"
33903016,MATERIAL DE EXPEDIENTE,26269,UNIVERSIDADE FEDERAL DO ESTADO RIO DE JANEIRO,154034,UNIRIO UNIVERSIDADE FEDERAL DO ESTADO RJ,"R$ 2.382,89"
33903017,MATERIAL DE TIC - MATERIAL DE CONSUMO,26269,UNIVERSIDADE FEDERAL DO ESTADO RIO DE JANEIRO,154034,UNIRIO UNIVERSIDADE FEDERAL DO ESTADO RJ,"R$ 0,00"
33903017,MATERIAL DE TIC - MATERIAL DE CONSUMO,26269,UNIVERSIDADE FEDERAL DO ESTADO RIO DE JANEIRO,154034,UNIRIO UNIVERSIDADE FEDERAL DO ESTADO RJ,"R$ 12.455,00"
33903017,MATERIAL DE TIC - MATERIAL DE CONSUMO,26269,UNIVERSIDADE FEDERAL DO ESTADO RIO DE JANEIRO,154034,UNIRIO UNIVERSIDADE FEDERAL DO ESTADO RJ,"R$ 0,00"
33903017,MATERIAL DE TIC - MATERIAL DE CONSUMO,26269,UNIVERSIDADE FEDERAL DO ESTADO RIO DE JANEIRO,154034,UNIRIO UNIVERSIDADE FEDERAL DO ESTADO RJ,"R$ 0,00"
33903017,MATERIAL DE TIC - MATERIAL DE CONSUMO,26269,UNIVERSIDADE FEDERAL DO ESTADO RIO DE JANEIRO,154034,UNIRIO UNIVERSIDADE FEDERAL DO ESTADO RJ,"R$ 7.237,66"
33903019,MATERIAL DE ACONDICIONAMENTO E EMBALAGEM,26269,UNIVERSIDADE FEDERAL DO ESTADO RIO DE JANEIRO,154034,UNIRIO UNIVERSIDADE FEDERAL DO ESTADO RJ,"R$ 0,00"
33903019,MATERIAL DE ACONDICIONAMENTO E EMBALAGEM,26269,UNIVERSIDADE FEDERAL DO ESTADO RIO DE JANEIRO,154034,UNIRIO UNIVERSIDADE FEDERAL DO ESTADO RJ,"R$ 0,00"
33903019,MATERIAL DE ACONDICIONAMENTO E EMBALAGEM,26269,UNIVERSIDADE FEDERAL DO ESTADO RIO DE JANEIRO,154034,UNIRIO UNIVERSIDADE FEDERAL DO ESTADO RJ,"R$ 3.657,62"
33903020,"MATERIAL DE CAMA, MESA E BANHO",26269,UNIVERSIDADE FEDERAL DO ESTADO RIO DE JANEIRO,154034,UNIRIO UNIVERSIDADE FEDERAL DO ESTADO RJ,"R$ 1.703,96"
33903021,MATERIAL DE COPA E COZINHA,26269,UNIVERSIDADE FEDERAL DO ESTADO RIO DE JANEIRO,154034,UNIRIO UNIVERSIDADE FEDERAL DO ESTADO RJ,"R$ 5.924,80"
33903022,MATERIAL DE LIMPEZA E PROD. DE HIGIENIZACAO,26269,UNIVERSIDADE FEDERAL DO ESTADO RIO DE JANEIRO,154034,UNIRIO UNIVERSIDADE FEDERAL DO ESTADO RJ,"R$ 0,00"
33903022,MATERIAL DE LIMPEZA E PROD. DE HIGIENIZACAO,26269,UNIVERSIDADE FEDERAL DO ESTADO RIO DE JANEIRO,154034,UNIRIO UNIVERSIDADE FEDERAL DO ESTADO RJ,"R$ 0,00"
33903022,MATERIAL DE LIMPEZA E PROD. DE HIGIENIZACAO,26269,UNIVERSIDADE FEDERAL DO ESTADO RIO DE JANEIRO,154034,UNIRIO UNIVERSIDADE FEDERAL DO ESTADO RJ,"R$ 65.976,53"
33903023,"UNIFORMES, TECIDOS E AVIAMENTOS",26269,UNIVERSIDADE FEDERAL DO ESTADO RIO DE JANEIRO,154034,UNIRIO UNIVERSIDADE FEDERAL DO ESTADO RJ,"R$ 0,00"
33903023,"UNIFORMES, TECIDOS E AVIAMENTOS",26269,UNIVERSIDADE FEDERAL DO ESTADO RIO DE JANEIRO,154034,UNIRIO UNIVERSIDADE FEDERAL DO ESTADO RJ,"R$ 0,00"
33903023,"UNIFORMES, TECIDOS E AVIAMENTOS",26269,UNIVERSIDADE FEDERAL DO ESTADO RIO DE JANEIRO,154034,UNIRIO UNIVERSIDADE FEDERAL DO ESTADO RJ,"R$ 9.766,64"
33903023,"UNIFORMES, TECIDOS E AVIAMENTOS",26269,UNIVERSIDADE FEDERAL DO ESTADO RIO DE JANEIRO,154034,UNIRIO UNIVERSIDADE FEDERAL DO ESTADO RJ,"R$ 0,00"
33903024,MATERIAL P/ MANUT.DE BENS IMOVEIS/INSTALACOES,26269,UNIVERSIDADE FEDERAL DO ESTADO RIO DE JANEIRO,154034,UNIRIO UNIVERSIDADE FEDERAL DO ESTADO RJ,"R$ 0,00"
33903024,MATERIAL P/ MANUT.DE BENS IMOVEIS/INSTALACOES,26269,UNIVERSIDADE FEDERAL DO ESTADO RIO DE JANEIRO,154035,HOSPITAL UNIV. GAFFREE E GUINLE DA UNIRIO,"R$ 0,00"
33903024,MATERIAL P/ MANUT.DE BENS IMOVEIS/INSTALACOES,26269,UNIVERSIDADE FEDERAL DO ESTADO RIO DE JANEIRO,154034,UNIRIO UNIVERSIDADE FEDERAL DO ESTADO RJ,"R$ 600,00"
33903024,MATERIAL P/ MANUT.DE BENS IMOVEIS/INSTALACOES,26269,UNIVERSIDADE FEDERAL DO ESTADO RIO DE JANEIRO,154034,UNIRIO UNIVERSIDADE FEDERAL DO ESTADO RJ,"R$ 0,00"
33903024,MATERIAL P/ MANUT.DE BENS IMOVEIS/INSTALACOES,26269,UNIVERSIDADE FEDERAL DO ESTADO RIO DE JANEIRO,154034,UNIRIO UNIVERSIDADE FEDERAL DO ESTADO RJ,"R$ 354.446,40"
33903024,MATERIAL P/ MANUT.DE BENS IMOVEIS/INSTALACOES,26269,UNIVERSIDADE FEDERAL DO ESTADO RIO DE JANEIRO,154034,UNIRIO UNIVERSIDADE FEDERAL DO ESTADO RJ,"R$ 0,00"
33903024,MATERIAL P/ MANUT.DE BENS IMOVEIS/INSTALACOES,26269,UNIVERSIDADE FEDERAL DO ESTADO RIO DE JANEIRO,154034,UNIRIO UNIVERSIDADE FEDERAL DO ESTADO RJ,"R$ 2.307,50"
33903025,MATERIAL P/ MANUTENCAO DE BENS MOVEIS,26269,UNIVERSIDADE FEDERAL DO ESTADO RIO DE JANEIRO,154034,UNIRIO UNIVERSIDADE FEDERAL DO ESTADO RJ,"R$ 174,96"
33903025,MATERIAL P/ MANUTENCAO DE BENS MOVEIS,26269,UNIVERSIDADE FEDERAL DO ESTADO RIO DE JANEIRO,154034,UNIRIO UNIVERSIDADE FEDERAL DO ESTADO RJ,"R$ 300,00"
33903026,MATERIAL ELETRICO E ELETRONICO,26269,UNIVERSIDADE FEDERAL DO ESTADO RIO DE JANEIRO,154034,UNIRIO UNIVERSIDADE FEDERAL DO ESTADO RJ,"R$ 0,00"
33903026,MATERIAL ELETRICO E ELETRONICO,26269,UNIVERSIDADE FEDERAL DO ESTADO RIO DE JANEIRO,154034,UNIRIO UNIVERSIDADE FEDERAL DO ESTADO RJ,"R$ 0,00"
33903026,MATERIAL ELETRICO E ELETRONICO,26269,UNIVERSIDADE FEDERAL DO ESTADO RIO DE JANEIRO,154034,UNIRIO UNIVERSIDADE FEDERAL DO ESTADO RJ,"R$ 0,00"
33903026,MATERIAL ELETRICO E ELETRONICO,26269,UNIVERSIDADE FEDERAL DO ESTADO RIO DE JANEIRO,154034,UNIRIO UNIVERSIDADE FEDERAL DO ESTADO RJ,"R$ 0,00"
33903026,MATERIAL ELETRICO E ELETRONICO,26269,UNIVERSIDADE FEDERAL DO ESTADO RIO DE JANEIRO,154034,UNIRIO UNIVERSIDADE FEDERAL DO ESTADO RJ,"R$ 82.919,96"
33903026,MATERIAL ELETRICO E ELETRONICO,26269,UNIVERSIDADE FEDERAL DO ESTADO RIO DE JANEIRO,154034,UNIRIO UNIVERSIDADE FEDERAL DO ESTADO RJ,"R$ 12.761,46"
33903028,MATERIAL DE PROTECAO E SEGURANCA,26269,UNIVERSIDADE FEDERAL DO ESTADO RIO DE JANEIRO,154034,UNIRIO UNIVERSIDADE FEDERAL DO ESTADO RJ,"R$ 6.704,35"
33903029,"MATERIAL P/ AUDIO, VIDEO E FOTO",26269,UNIVERSIDADE FEDERAL DO ESTADO RIO DE JANEIRO,154034,UNIRIO UNIVERSIDADE FEDERAL DO ESTADO RJ,"R$ 0,00"
33903030,MATERIAL PARA COMUNICACOES,26269,UNIVERSIDADE FEDERAL DO ESTADO RIO DE JANEIRO,154034,UNIRIO UNIVERSIDADE FEDERAL DO ESTADO RJ,"R$ 1.401,82"
33903035,MATERIAL LABORATORIAL,26269,UNIVERSIDADE FEDERAL DO ESTADO RIO DE JANEIRO,154034,UNIRIO UNIVERSIDADE FEDERAL DO ESTADO RJ,"R$ 0,00"
33903035,MATERIAL LABORATORIAL,26269,UNIVERSIDADE FEDERAL DO ESTADO RIO DE JANEIRO,154034,UNIRIO UNIVERSIDADE FEDERAL DO ESTADO RJ,"R$ 0,00"
33903035,MATERIAL LABORATORIAL,26269,UNIVERSIDADE FEDERAL DO ESTADO RIO DE JANEIRO,154034,UNIRIO UNIVERSIDADE FEDERAL DO ESTADO RJ,"R$ 0,00"
33903035,MATERIAL LABORATORIAL,26269,UNIVERSIDADE FEDERAL DO ESTADO RIO DE JANEIRO,154034,UNIRIO UNIVERSIDADE FEDERAL DO ESTADO RJ,"R$ 56.629,34"
33903036,MATERIAL HOSPITALAR,26269,UNIVERSIDADE FEDERAL DO ESTADO RIO DE JANEIRO,154034,UNIRIO UNIVERSIDADE FEDERAL DO ESTADO RJ,"R$ 3.497,00"
33903039,MATERIAL P/ MANUTENCAO DE VEICULOS,26269,UNIVERSIDADE FEDERAL DO ESTADO RIO DE JANEIRO,154034,UNIRIO UNIVERSIDADE FEDERAL DO ESTADO RJ,"R$ 22.440,69"
33903040,MATERIAL BIOLOGICO,26269,UNIVERSIDADE FEDERAL DO ESTADO RIO DE JANEIRO,154034,UNIRIO UNIVERSIDADE FEDERAL DO ESTADO RJ,"R$ 1.974,47"
33903042,FERRAMENTAS,26269,UNIVERSIDADE FEDERAL DO ESTADO RIO DE JANEIRO,154034,UNIRIO UNIVERSIDADE FEDERAL DO ESTADO RJ,"R$ 3.647,53"
33903044,MATERIAL DE SINALIZACAO VISUAL E OUTROS,26269,UNIVERSIDADE FEDERAL DO ESTADO RIO DE JANEIRO,154034,UNIRIO UNIVERSIDADE FEDERAL DO ESTADO RJ,"R$ 0,00"
33903044,MATERIAL DE SINALIZACAO VISUAL E OUTROS,26269,UNIVERSIDADE FEDERAL DO ESTADO RIO DE JANEIRO,154034,UNIRIO UNIVERSIDADE FEDERAL DO ESTADO RJ,"R$ 0,00"
33903050,"BANDEIRAS, FLAMULAS E INSIGNIAS",26269,UNIVERSIDADE FEDERAL DO ESTADO RIO DE JANEIRO,154034,UNIRIO UNIVERSIDADE FEDERAL DO ESTADO RJ,"R$ 0,00"
33903096,MATERIAL DE CONSUMO - PAGTO ANTECIPADO,26269,UNIVERSIDADE FEDERAL DO ESTADO RIO DE JANEIRO,154034,UNIRIO UNIVERSIDADE FEDERAL DO ESTADO RJ,"R$ 0,00"
33903098,INSCRICAO DE RESTOS A PAGAR - MATERIAL DE CONSUMO,26269,UNIVERSIDADE FEDERAL DO ESTADO RIO DE JANEIRO,154035,HOSPITAL UNIV. GAFFREE E GUINLE DA UNIRIO,"R$ 0,00"
33903301,PASSAGENS PARA O PAIS,26269,UNIVERSIDADE FEDERAL DO ESTADO RIO DE JANEIRO,154034,UNIRIO UNIVERSIDADE FEDERAL DO ESTADO RJ,"R$ 0,00"
33903301,PASSAGENS PARA O PAIS,26269,UNIVERSIDADE FEDERAL DO ESTADO RIO DE JANEIRO,154034,UNIRIO UNIVERSIDADE FEDERAL DO ESTADO RJ,"R$ 0,00"
33903301,PASSAGENS PARA O PAIS,26269,UNIVERSIDADE FEDERAL DO ESTADO RIO DE JANEIRO,154034,UNIRIO UNIVERSIDADE FEDERAL DO ESTADO RJ,"R$ 0,00"
33903301,PASSAGENS PARA O PAIS,26269,UNIVERSIDADE FEDERAL DO ESTADO RIO DE JANEIRO,154034,UNIRIO UNIVERSIDADE FEDERAL DO ESTADO RJ,"R$ 0,00"
33903301,PASSAGENS PARA O PAIS,26269,UNIVERSIDADE FEDERAL DO ESTADO RIO DE JANEIRO,154034,UNIRIO UNIVERSIDADE FEDERAL DO ESTADO RJ,"R$ 396.481,75"
33903301,PASSAGENS PARA O PAIS,26269,UNIVERSIDADE FEDERAL DO ESTADO RIO DE JANEIRO,154034,UNIRIO UNIVERSIDADE FEDERAL DO ESTADO RJ,"R$ 0,00"
33903302,PASSAGENS PARA O EXTERIOR,26269,UNIVERSIDADE FEDERAL DO ESTADO RIO DE JANEIRO,154034,UNIRIO UNIVERSIDADE FEDERAL DO ESTADO RJ,"R$ 0,00"
33903302,PASSAGENS PARA O EXTERIOR,26269,UNIVERSIDADE FEDERAL DO ESTADO RIO DE JANEIRO,154034,UNIRIO UNIVERSIDADE FEDERAL DO ESTADO RJ,"R$ 16.133,62"
33903302,PASSAGENS PARA O EXTERIOR,26269,UNIVERSIDADE FEDERAL DO ESTADO RIO DE JANEIRO,154034,UNIRIO UNIVERSIDADE FEDERAL DO ESTADO RJ,"R$ 22.087,42"
33903310,TAXA DE SERV. EMISSAO BILHETES NAO UTILIZADOS,26269,UNIVERSIDADE FEDERAL DO ESTADO RIO DE JANEIRO,154034,UNIRIO UNIVERSIDADE FEDERAL DO ESTADO RJ,"R$ 0,00"
33903501,ASSESSORIA E CONSULTORIA TECNICA OU JURIDICA,26269,UNIVERSIDADE FEDERAL DO ESTADO RIO DE JANEIRO,154034,UNIRIO UNIVERSIDADE FEDERAL DO ESTADO RJ,"R$ 0,00"
33903501,ASSESSORIA E CONSULTORIA TECNICA OU JURIDICA,26269,UNIVERSIDADE FEDERAL DO ESTADO RIO DE JANEIRO,154034,UNIRIO UNIVERSIDADE FEDERAL DO ESTADO RJ,"R$ 28.651,03"
33903504,CONSULTORIA EM TECNOLOGIA DA INFORMACAO E COMUNICACAO,26269,UNIVERSIDADE FEDERAL DO ESTADO RIO DE JANEIRO,154034,UNIRIO UNIVERSIDADE FEDERAL DO ESTADO RJ,"R$ 0,00"
33903602,DIARIAS A COLABORADORES EVENTUAIS NO PAIS,26269,UNIVERSIDADE FEDERAL DO ESTADO RIO DE JANEIRO,154034,UNIRIO UNIVERSIDADE FEDERAL DO ESTADO RJ,"R$ 49.183,30"
33903628,SERVICO DE SELECAO E TREINAMENTO,26269,UNIVERSIDADE FEDERAL DO ESTADO RIO DE JANEIRO,154034,UNIRIO UNIVERSIDADE FEDERAL DO ESTADO RJ,"R$ 1.175,76"
33903628,SERVICO DE SELECAO E TREINAMENTO,26269,UNIVERSIDADE FEDERAL DO ESTADO RIO DE JANEIRO,154034,UNIRIO UNIVERSIDADE FEDERAL DO ESTADO RJ,"R$ 0,00"
33903628,SERVICO DE SELECAO E TREINAMENTO,26232,UNIVERSIDADE FEDERAL DA BAHIA,153038,UNIVERSIDADE FEDERAL DA BAHIA,"R$ 0,00"
33903628,SERVICO DE SELECAO E TREINAMENTO,26269,UNIVERSIDADE FEDERAL DO ESTADO RIO DE JANEIRO,154034,UNIRIO UNIVERSIDADE FEDERAL DO ESTADO RJ,"R$ 0,00"
33903628,SERVICO DE SELECAO E TREINAMENTO,26271,FUNDACAO UNIVERSIDADE DE BRASILIA,154040,FUNDACAO UNIVERSIDADE DE BRASILIA - FUB,"R$ 0,00"
33903628,SERVICO DE SELECAO E TREINAMENTO,26236,UNIVERSIDADE FEDERAL FLUMINENSE,153056,UNIVERSIDADE FEDERAL FLUMINENSE,"R$ 0,00"
33903628,SERVICO DE SELECAO E TREINAMENTO,26236,UNIVERSIDADE FEDERAL FLUMINENSE,153056,UNIVERSIDADE FEDERAL FLUMINENSE,"R$ 0,00"
33903628,SERVICO DE SELECAO E TREINAMENTO,26269,UNIVERSIDADE FEDERAL DO ESTADO RIO DE JANEIRO,154034,UNIRIO UNIVERSIDADE FEDERAL DO ESTADO RJ,"R$ 42.148,28"
33903628,SERVICO DE SELECAO E TREINAMENTO,26236,UNIVERSIDADE FEDERAL FLUMINENSE,153056,UNIVERSIDADE FEDERAL FLUMINENSE,"R$ 8.377,76"
33903628,SERVICO DE SELECAO E TREINAMENTO,26245,UNIVERSIDADE FEDERAL DO RIO DE JANEIRO,153115,UNIVERSIDADE FEDERAL DO RIO DE JANEIRO,"R$ 9.116,69"
33903628,SERVICO DE SELECAO E TREINAMENTO,26249,UNIVERSIDADE FEDERAL RURAL DO RIO DE JANEIRO,153166,UNIVERSIDADE FEDERAL RURAL DO RIO DE JANEIRO,"R$ 1.683,59"
33903628,SERVICO DE SELECAO E TREINAMENTO,26269,UNIVERSIDADE FEDERAL DO ESTADO RIO DE JANEIRO,154034,UNIRIO UNIVERSIDADE FEDERAL DO ESTADO RJ,"R$ 84.965,44"
33903628,SERVICO DE SELECAO E TREINAMENTO,26269,UNIVERSIDADE FEDERAL DO ESTADO RIO DE JANEIRO,154035,HOSPITAL UNIV. GAFFREE E GUINLE DA UNIRIO,"R$ 8.231,20"
33903628,SERVICO DE SELECAO E TREINAMENTO,26236,UNIVERSIDADE FEDERAL FLUMINENSE,153056,UNIVERSIDADE FEDERAL FLUMINENSE,"R$ 0,00"
33903628,SERVICO DE SELECAO E TREINAMENTO,26269,UNIVERSIDADE FEDERAL DO ESTADO RIO DE JANEIRO,154034,UNIRIO UNIVERSIDADE FEDERAL DO ESTADO RJ,"R$ 35.817,81"
33903628,SERVICO DE SELECAO E TREINAMENTO,26269,UNIVERSIDADE FEDERAL DO ESTADO RIO DE JANEIRO,154034,UNIRIO UNIVERSIDADE FEDERAL DO ESTADO RJ,"R$ 0,00"
33903701,"APOIO ADMINISTRATIVO, TECNICO E OPERACIONAL",26269,UNIVERSIDADE FEDERAL DO ESTADO RIO DE JANEIRO,154034,UNIRIO UNIVERSIDADE FEDERAL DO ESTADO RJ,"R$ 0,00"
33903701,"APOIO ADMINISTRATIVO, TECNICO E OPERACIONAL",26269,UNIVERSIDADE FEDERAL DO ESTADO RIO DE JANEIRO,154034,UNIRIO UNIVERSIDADE FEDERAL DO ESTADO RJ,"R$ 0,00"
33903701,"APOIO ADMINISTRATIVO, TECNICO E OPERACIONAL",26269,UNIVERSIDADE FEDERAL DO ESTADO RIO DE JANEIRO,154034,UNIRIO UNIVERSIDADE FEDERAL DO ESTADO RJ,"R$ 0,00"
33903701,"APOIO ADMINISTRATIVO, TECNICO E OPERACIONAL",26269,UNIVERSIDADE FEDERAL DO ESTADO RIO DE JANEIRO,154034,UNIRIO UNIVERSIDADE FEDERAL DO ESTADO RJ,"R$ 0,00"
33903701,"APOIO ADMINISTRATIVO, TECNICO E OPERACIONAL",26269,UNIVERSIDADE FEDERAL DO ESTADO RIO DE JANEIRO,154034,UNIRIO UNIVERSIDADE FEDERAL DO ESTADO RJ,"R$ 3.000.000,00"
33903701,"APOIO ADMINISTRATIVO, TECNICO E OPERACIONAL",26269,UNIVERSIDADE FEDERAL DO ESTADO RIO DE JANEIRO,154034,UNIRIO UNIVERSIDADE FEDERAL DO ESTADO RJ,"R$ 5.117.059,75"
33903701,"APOIO ADMINISTRATIVO, TECNICO E OPERACIONAL",26269,UNIVERSIDADE FEDERAL DO ESTADO RIO DE JANEIRO,154034,UNIRIO UNIVERSIDADE FEDERAL DO ESTADO RJ,"R$ 515.728,88"
33903701,"APOIO ADMINISTRATIVO, TECNICO E OPERACIONAL",26269,UNIVERSIDADE FEDERAL DO ESTADO RIO DE JANEIRO,154034,UNIRIO UNIVERSIDADE FEDERAL DO ESTADO RJ,"R$ 0,00"
33903701,"APOIO ADMINISTRATIVO, TECNICO E OPERACIONAL",26269,UNIVERSIDADE FEDERAL DO ESTADO RIO DE JANEIRO,154034,UNIRIO UNIVERSIDADE FEDERAL DO ESTADO RJ,"R$ 0,00"
33903702,LIMPEZA E CONSERVACAO,26269,UNIVERSIDADE FEDERAL DO ESTADO RIO DE JANEIRO,154034,UNIRIO UNIVERSIDADE FEDERAL DO ESTADO RJ,"R$ 0,00"
33903702,LIMPEZA E CONSERVACAO,26269,UNIVERSIDADE FEDERAL DO ESTADO RIO DE JANEIRO,154034,UNIRIO UNIVERSIDADE FEDERAL DO ESTADO RJ,"R$ 0,00"
33903702,LIMPEZA E CONSERVACAO,26269,UNIVERSIDADE FEDERAL DO ESTADO RIO DE JANEIRO,154034,UNIRIO UNIVERSIDADE FEDERAL DO ESTADO RJ,"R$ 1.800.000,00"
33903702,LIMPEZA E CONSERVACAO,26269,UNIVERSIDADE FEDERAL DO ESTADO RIO DE JANEIRO,154034,UNIRIO UNIVERSIDADE FEDERAL DO ESTADO RJ,"R$ 3.225.046,92"
33903702,LIMPEZA E CONSERVACAO,26269,UNIVERSIDADE FEDERAL DO ESTADO RIO DE JANEIRO,154034,UNIRIO UNIVERSIDADE FEDERAL DO ESTADO RJ,"R$ 200.655,98"
33903703,VIGILANCIA OSTENSIVA,26269,UNIVERSIDADE FEDERAL DO ESTADO RIO DE JANEIRO,154034,UNIRIO UNIVERSIDADE FEDERAL DO ESTADO RJ,"R$ 0,00"
33903703,VIGILANCIA OSTENSIVA,26269,UNIVERSIDADE FEDERAL DO ESTADO RIO DE JANEIRO,154034,UNIRIO UNIVERSIDADE FEDERAL DO ESTADO RJ,"R$ 0,00"
33903703,VIGILANCIA OSTENSIVA,26269,UNIVERSIDADE FEDERAL DO ESTADO RIO DE JANEIRO,154034,UNIRIO UNIVERSIDADE FEDERAL DO ESTADO RJ,"R$ 0,00"
33903703,VIGILANCIA OSTENSIVA,26269,UNIVERSIDADE FEDERAL DO ESTADO RIO DE JANEIRO,154034,UNIRIO UNIVERSIDADE FEDERAL DO ESTADO RJ,"R$ 0,00"
33903703,VIGILANCIA OSTENSIVA,26269,UNIVERSIDADE FEDERAL DO ESTADO RIO DE JANEIRO,154034,UNIRIO UNIVERSIDADE FEDERAL DO ESTADO RJ,"R$ 3.040.000,00"
33903703,VIGILANCIA OSTENSIVA,26269,UNIVERSIDADE FEDERAL DO ESTADO RIO DE JANEIRO,154034,UNIRIO UNIVERSIDADE FEDERAL DO ESTADO RJ,"R$ 6.056.673,42"
33903798,INSCRICAO DE RESTOS A PAGAR - LOCACAO DE MAO-DE-OBRA,26269,UNIVERSIDADE FEDERAL DO ESTADO RIO DE JANEIRO,154034,UNIRIO UNIVERSIDADE FEDERAL DO ESTADO RJ,"R$ 0,00"
33903901,ASSINATURAS DE PERIODICOS E ANUIDADES,26269,UNIVERSIDADE FEDERAL DO ESTADO RIO DE JANEIRO,154034,UNIRIO UNIVERSIDADE FEDERAL DO ESTADO RJ,"R$ 0,00"
33903901,ASSINATURAS DE PERIODICOS E ANUIDADES,26269,UNIVERSIDADE FEDERAL DO ESTADO RIO DE JANEIRO,154034,UNIRIO UNIVERSIDADE FEDERAL DO ESTADO RJ,"R$ 2.500,00"
33903901,ASSINATURAS DE PERIODICOS E ANUIDADES,26269,UNIVERSIDADE FEDERAL DO ESTADO RIO DE JANEIRO,154034,UNIRIO UNIVERSIDADE FEDERAL DO ESTADO RJ,"R$ 0,00"
33903901,ASSINATURAS DE PERIODICOS E ANUIDADES,26269,UNIVERSIDADE FEDERAL DO ESTADO RIO DE JANEIRO,154034,UNIRIO UNIVERSIDADE FEDERAL DO ESTADO RJ,"R$ 96.673,53"
33903901,ASSINATURAS DE PERIODICOS E ANUIDADES,26269,UNIVERSIDADE FEDERAL DO ESTADO RIO DE JANEIRO,154034,UNIRIO UNIVERSIDADE FEDERAL DO ESTADO RJ,"R$ 4.909,09"
33903901,ASSINATURAS DE PERIODICOS E ANUIDADES,26269,UNIVERSIDADE FEDERAL DO ESTADO RIO DE JANEIRO,154034,UNIRIO UNIVERSIDADE FEDERAL DO ESTADO RJ,"R$ 23.276,63"
33903902,CONDOMINIOS,26269,UNIVERSIDADE FEDERAL DO ESTADO RIO DE JANEIRO,154034,UNIRIO UNIVERSIDADE FEDERAL DO ESTADO RJ,"R$ 0,00"
33903902,CONDOMINIOS,26269,UNIVERSIDADE FEDERAL DO ESTADO RIO DE JANEIRO,154034,UNIRIO UNIVERSIDADE FEDERAL DO ESTADO RJ,"R$ 0,00"
33903902,CONDOMINIOS,26269,UNIVERSIDADE FEDERAL DO ESTADO RIO DE JANEIRO,154034,UNIRIO UNIVERSIDADE FEDERAL DO ESTADO RJ,"R$ 0,00"
33903902,CONDOMINIOS,26269,UNIVERSIDADE FEDERAL DO ESTADO RIO DE JANEIRO,154034,UNIRIO UNIVERSIDADE FEDERAL DO ESTADO RJ,"R$ 333.171,13"
33903903,COMISSOES E CORRETAGENS,26269,UNIVERSIDADE FEDERAL DO ESTADO RIO DE JANEIRO,154034,UNIRIO UNIVERSIDADE FEDERAL DO ESTADO RJ,"R$ 0,00"
33903903,COMISSOES E CORRETAGENS,26269,UNIVERSIDADE FEDERAL DO ESTADO RIO DE JANEIRO,154034,UNIRIO UNIVERSIDADE FEDERAL DO ESTADO RJ,"R$ 73.204,29"
33903905,SERVICOS TECNICOS PROFISSIONAIS,26269,UNIVERSIDADE FEDERAL DO ESTADO RIO DE JANEIRO,154034,UNIRIO UNIVERSIDADE FEDERAL DO ESTADO RJ,"R$ 0,00"
33903905,SERVICOS TECNICOS PROFISSIONAIS,26269,UNIVERSIDADE FEDERAL DO ESTADO RIO DE JANEIRO,154034,UNIRIO UNIVERSIDADE FEDERAL DO ESTADO RJ,"R$ 34.517,48"
33903912,LOCACAO DE MAQUINAS E EQUIPAMENTOS,26269,UNIVERSIDADE FEDERAL DO ESTADO RIO DE JANEIRO,154034,UNIRIO UNIVERSIDADE FEDERAL DO ESTADO RJ,"R$ 36.350,00"
33903912,LOCACAO DE MAQUINAS E EQUIPAMENTOS,26269,UNIVERSIDADE FEDERAL DO ESTADO RIO DE JANEIRO,154034,UNIRIO UNIVERSIDADE FEDERAL DO ESTADO RJ,"R$ 0,00"
33903912,LOCACAO DE MAQUINAS E EQUIPAMENTOS,26269,UNIVERSIDADE FEDERAL DO ESTADO RIO DE JANEIRO,154034,UNIRIO UNIVERSIDADE FEDERAL DO ESTADO RJ,"R$ 147.300,00"
33903912,LOCACAO DE MAQUINAS E EQUIPAMENTOS,26269,UNIVERSIDADE FEDERAL DO ESTADO RIO DE JANEIRO,154034,UNIRIO UNIVERSIDADE FEDERAL DO ESTADO RJ,"R$ 18.175,00"
33903914,LOCACAO BENS MOV. OUT.NATUREZAS E INTANGIVEIS,26269,UNIVERSIDADE FEDERAL DO ESTADO RIO DE JANEIRO,154034,UNIRIO UNIVERSIDADE FEDERAL DO ESTADO RJ,"R$ 1.490,25"
33903914,LOCACAO BENS MOV. OUT.NATUREZAS E INTANGIVEIS,26269,UNIVERSIDADE FEDERAL DO ESTADO RIO DE JANEIRO,154034,UNIRIO UNIVERSIDADE FEDERAL DO ESTADO RJ,"R$ 0,00"
33903914,LOCACAO BENS MOV. OUT.NATUREZAS E INTANGIVEIS,26269,UNIVERSIDADE FEDERAL DO ESTADO RIO DE JANEIRO,154034,UNIRIO UNIVERSIDADE FEDERAL DO ESTADO RJ,"R$ 35.553,05"
33903914,LOCACAO BENS MOV. OUT.NATUREZAS E INTANGIVEIS,26269,UNIVERSIDADE FEDERAL DO ESTADO RIO DE JANEIRO,154034,UNIRIO UNIVERSIDADE FEDERAL DO ESTADO RJ,"R$ 0,00"
33903916,MANUTENCAO E CONSERV. DE BENS IMOVEIS,26269,UNIVERSIDADE FEDERAL DO ESTADO RIO DE JANEIRO,154034,UNIRIO UNIVERSIDADE FEDERAL DO ESTADO RJ,"R$ 0,00"
33903916,MANUTENCAO E CONSERV. DE BENS IMOVEIS,26269,UNIVERSIDADE FEDERAL DO ESTADO RIO DE JANEIRO,154034,UNIRIO UNIVERSIDADE FEDERAL DO ESTADO RJ,"R$ 0,00"
33903916,MANUTENCAO E CONSERV. DE BENS IMOVEIS,26269,UNIVERSIDADE FEDERAL DO ESTADO RIO DE JANEIRO,154034,UNIRIO UNIVERSIDADE FEDERAL DO ESTADO RJ,"R$ 0,00"
33903916,MANUTENCAO E CONSERV. DE BENS IMOVEIS,26269,UNIVERSIDADE FEDERAL DO ESTADO RIO DE JANEIRO,154034,UNIRIO UNIVERSIDADE FEDERAL DO ESTADO RJ,"R$ 2.457.488,68"
33903916,MANUTENCAO E CONSERV. DE BENS IMOVEIS,26269,UNIVERSIDADE FEDERAL DO ESTADO RIO DE JANEIRO,154034,UNIRIO UNIVERSIDADE FEDERAL DO ESTADO RJ,"R$ 300.000,00"
33903916,MANUTENCAO E CONSERV. DE BENS IMOVEIS,26269,UNIVERSIDADE FEDERAL DO ESTADO RIO DE JANEIRO,154034,UNIRIO UNIVERSIDADE FEDERAL DO ESTADO RJ,"R$ 0,00"
33903916,MANUTENCAO E CONSERV. DE BENS IMOVEIS,26269,UNIVERSIDADE FEDERAL DO ESTADO RIO DE JANEIRO,154034,UNIRIO UNIVERSIDADE FEDERAL DO ESTADO RJ,"R$ 0,00"
33903916,MANUTENCAO E CONSERV. DE BENS IMOVEIS,26269,UNIVERSIDADE FEDERAL DO ESTADO RIO DE JANEIRO,154035,HOSPITAL UNIV. GAFFREE E GUINLE DA UNIRIO,"R$ 0,00"
33903916,MANUTENCAO E CONSERV. DE BENS IMOVEIS,26269,UNIVERSIDADE FEDERAL DO ESTADO RIO DE JANEIRO,154034,UNIRIO UNIVERSIDADE FEDERAL DO ESTADO RJ,"R$ 228.900,00"
33903916,MANUTENCAO E CONSERV. DE BENS IMOVEIS,26269,UNIVERSIDADE FEDERAL DO ESTADO RIO DE JANEIRO,154034,UNIRIO UNIVERSIDADE FEDERAL DO ESTADO RJ,"R$ 0,00"
33903916,MANUTENCAO E CONSERV. DE BENS IMOVEIS,26269,UNIVERSIDADE FEDERAL DO ESTADO RIO DE JANEIRO,154034,UNIRIO UNIVERSIDADE FEDERAL DO ESTADO RJ,"R$ 214.887,68"
33903916,MANUTENCAO E CONSERV. DE BENS IMOVEIS,26269,UNIVERSIDADE FEDERAL DO ESTADO RIO DE JANEIRO,154034,UNIRIO UNIVERSIDADE FEDERAL DO ESTADO RJ,"R$ 539.509,53"
33903917,MANUT. E CONSERV. DE MAQUINAS E EQUIPAMENTOS,26269,UNIVERSIDADE FEDERAL DO ESTADO RIO DE JANEIRO,154034,UNIRIO UNIVERSIDADE FEDERAL DO ESTADO RJ,"R$ 0,00"
33903917,MANUT. E CONSERV. DE MAQUINAS E EQUIPAMENTOS,26269,UNIVERSIDADE FEDERAL DO ESTADO RIO DE JANEIRO,154034,UNIRIO UNIVERSIDADE FEDERAL DO ESTADO RJ,"R$ 25.875,10"
33903917,MANUT. E CONSERV. DE MAQUINAS E EQUIPAMENTOS,26269,UNIVERSIDADE FEDERAL DO ESTADO RIO DE JANEIRO,154034,UNIRIO UNIVERSIDADE FEDERAL DO ESTADO RJ,"R$ 0,00"
33903919,MANUTENCAO E CONSERV. DE VEICULOS,26269,UNIVERSIDADE FEDERAL DO ESTADO RIO DE JANEIRO,154034,UNIRIO UNIVERSIDADE FEDERAL DO ESTADO RJ,"R$ 0,00"
33903919,MANUTENCAO E CONSERV. DE VEICULOS,26269,UNIVERSIDADE FEDERAL DO ESTADO RIO DE JANEIRO,154034,UNIRIO UNIVERSIDADE FEDERAL DO ESTADO RJ,"R$ 0,00"
33903919,MANUTENCAO E CONSERV. DE VEICULOS,26269,UNIVERSIDADE FEDERAL DO ESTADO RIO DE JANEIRO,154034,UNIRIO UNIVERSIDADE FEDERAL DO ESTADO RJ,"R$ 51.058,00"
33903919,MANUTENCAO E CONSERV. DE VEICULOS,26269,UNIVERSIDADE FEDERAL DO ESTADO RIO DE JANEIRO,154034,UNIRIO UNIVERSIDADE FEDERAL DO ESTADO RJ,"R$ 35.318,21"
33903920,MANUT.E CONS.DE B.MOVEIS DE OUTRAS NATUREZAS,26269,UNIVERSIDADE FEDERAL DO ESTADO RIO DE JANEIRO,154034,UNIRIO UNIVERSIDADE FEDERAL DO ESTADO RJ,"R$ 2.920,00"
33903920,MANUT.E CONS.DE B.MOVEIS DE OUTRAS NATUREZAS,26269,UNIVERSIDADE FEDERAL DO ESTADO RIO DE JANEIRO,154034,UNIRIO UNIVERSIDADE FEDERAL DO ESTADO RJ,"R$ 0,00"
33903922,"EXPOSICOES, CONGRESSOS E CONFERENCIAS",26269,UNIVERSIDADE FEDERAL DO ESTADO RIO DE JANEIRO,154034,UNIRIO UNIVERSIDADE FEDERAL DO ESTADO RJ,"R$ 0,00"
33903922,"EXPOSICOES, CONGRESSOS E CONFERENCIAS",26269,UNIVERSIDADE FEDERAL DO ESTADO RIO DE JANEIRO,154034,UNIRIO UNIVERSIDADE FEDERAL DO ESTADO RJ,"R$ 0,00"
33903925,TAXA DE ADMINISTRACAO,26269,UNIVERSIDADE FEDERAL DO ESTADO RIO DE JANEIRO,154034,UNIRIO UNIVERSIDADE FEDERAL DO ESTADO RJ,"R$ 31.038,11"
33903927,SUPORTE DE INFRAESTRUTURA DE T.I.,26269,UNIVERSIDADE FEDERAL DO ESTADO RIO DE JANEIRO,154034,UNIRIO UNIVERSIDADE FEDERAL DO ESTADO RJ,"R$ 0,00"
33903936,MULTAS INDEDUTIVEIS,26269,UNIVERSIDADE FEDERAL DO ESTADO RIO DE JANEIRO,154034,UNIRIO UNIVERSIDADE FEDERAL DO ESTADO RJ,"R$ 0,00"
33903941,FORNECIMENTO DE ALIMENTACAO,26269,UNIVERSIDADE FEDERAL DO ESTADO RIO DE JANEIRO,154034,UNIRIO UNIVERSIDADE FEDERAL DO ESTADO RJ,"R$ 0,00"
33903941,FORNECIMENTO DE ALIMENTACAO,26269,UNIVERSIDADE FEDERAL DO ESTADO RIO DE JANEIRO,154034,UNIRIO UNIVERSIDADE FEDERAL DO ESTADO RJ,"R$ 624.788,27"
33903941,FORNECIMENTO DE ALIMENTACAO,26269,UNIVERSIDADE FEDERAL DO ESTADO RIO DE JANEIRO,154034,UNIRIO UNIVERSIDADE FEDERAL DO ESTADO RJ,"R$ 0,00"
33903941,FORNECIMENTO DE ALIMENTACAO,26269,UNIVERSIDADE FEDERAL DO ESTADO RIO DE JANEIRO,154034,UNIRIO UNIVERSIDADE FEDERAL DO ESTADO RJ,"R$ 0,00"
33903943,SERVICOS DE ENERGIA ELETRICA,26269,UNIVERSIDADE FEDERAL DO ESTADO RIO DE JANEIRO,154034,UNIRIO UNIVERSIDADE FEDERAL DO ESTADO RJ,"R$ 0,00"
33903943,SERVICOS DE ENERGIA ELETRICA,26269,UNIVERSIDADE FEDERAL DO ESTADO RIO DE JANEIRO,154034,UNIRIO UNIVERSIDADE FEDERAL DO ESTADO RJ,"R$ 0,00"
33903943,SERVICOS DE ENERGIA ELETRICA,26269,UNIVERSIDADE FEDERAL DO ESTADO RIO DE JANEIRO,154034,UNIRIO UNIVERSIDADE FEDERAL DO ESTADO RJ,"R$ 0,00"
33903943,SERVICOS DE ENERGIA ELETRICA,26269,UNIVERSIDADE FEDERAL DO ESTADO RIO DE JANEIRO,154034,UNIRIO UNIVERSIDADE FEDERAL DO ESTADO RJ,"R$ 0,00"
33903943,SERVICOS DE ENERGIA ELETRICA,26269,UNIVERSIDADE FEDERAL DO ESTADO RIO DE JANEIRO,154034,UNIRIO UNIVERSIDADE FEDERAL DO ESTADO RJ,"R$ 0,00"
33903943,SERVICOS DE ENERGIA ELETRICA,26269,UNIVERSIDADE FEDERAL DO ESTADO RIO DE JANEIRO,154034,UNIRIO UNIVERSIDADE FEDERAL DO ESTADO RJ,"R$ 0,00"
33903943,SERVICOS DE ENERGIA ELETRICA,26269,UNIVERSIDADE FEDERAL DO ESTADO RIO DE JANEIRO,154034,UNIRIO UNIVERSIDADE FEDERAL DO ESTADO RJ,"R$ 0,00"
33903943,SERVICOS DE ENERGIA ELETRICA,26269,UNIVERSIDADE FEDERAL DO ESTADO RIO DE JANEIRO,154034,UNIRIO UNIVERSIDADE FEDERAL DO ESTADO RJ,"R$ 0,00"
33903943,SERVICOS DE ENERGIA ELETRICA,26269,UNIVERSIDADE FEDERAL DO ESTADO RIO DE JANEIRO,154034,UNIRIO UNIVERSIDADE FEDERAL DO ESTADO RJ,"R$ 2.797.958,76"
33903943,SERVICOS DE ENERGIA ELETRICA,26269,UNIVERSIDADE FEDERAL DO ESTADO RIO DE JANEIRO,154034,UNIRIO UNIVERSIDADE FEDERAL DO ESTADO RJ,"R$ 141.119,61"
33903943,SERVICOS DE ENERGIA ELETRICA,26269,UNIVERSIDADE FEDERAL DO ESTADO RIO DE JANEIRO,154034,UNIRIO UNIVERSIDADE FEDERAL DO ESTADO RJ,"R$ 0,00"
33903943,SERVICOS DE ENERGIA ELETRICA,26269,UNIVERSIDADE FEDERAL DO ESTADO RIO DE JANEIRO,154034,UNIRIO UNIVERSIDADE FEDERAL DO ESTADO RJ,"R$ 0,00"
33903943,SERVICOS DE ENERGIA ELETRICA,26269,UNIVERSIDADE FEDERAL DO ESTADO RIO DE JANEIRO,154034,UNIRIO UNIVERSIDADE FEDERAL DO ESTADO RJ,"R$ 0,00"
33903944,SERVICOS DE AGUA E ESGOTO,26269,UNIVERSIDADE FEDERAL DO ESTADO RIO DE JANEIRO,154034,UNIRIO UNIVERSIDADE FEDERAL DO ESTADO RJ,"R$ 0,00"
33903944,SERVICOS DE AGUA E ESGOTO,26269,UNIVERSIDADE FEDERAL DO ESTADO RIO DE JANEIRO,154034,UNIRIO UNIVERSIDADE FEDERAL DO ESTADO RJ,"R$ 117.925,43"
33903944,SERVICOS DE AGUA E ESGOTO,26269,UNIVERSIDADE FEDERAL DO ESTADO RIO DE JANEIRO,154034,UNIRIO UNIVERSIDADE FEDERAL DO ESTADO RJ,"R$ 0,00"
33903944,SERVICOS DE AGUA E ESGOTO,26269,UNIVERSIDADE FEDERAL DO ESTADO RIO DE JANEIRO,154034,UNIRIO UNIVERSIDADE FEDERAL DO ESTADO RJ,"R$ 484.728,95"
33903945,SERVICOS DE GAS,26269,UNIVERSIDADE FEDERAL DO ESTADO RIO DE JANEIRO,154034,UNIRIO UNIVERSIDADE FEDERAL DO ESTADO RJ,"R$ 0,00"
33903945,SERVICOS DE GAS,26269,UNIVERSIDADE FEDERAL DO ESTADO RIO DE JANEIRO,154034,UNIRIO UNIVERSIDADE FEDERAL DO ESTADO RJ,"R$ 60.135,58"
33903947,SERVICOS DE COMUNICACAO EM GERAL,26269,UNIVERSIDADE FEDERAL DO ESTADO RIO DE JANEIRO,154034,UNIRIO UNIVERSIDADE FEDERAL DO ESTADO RJ,"R$ 0,00"
33903947,SERVICOS DE COMUNICACAO EM GERAL,26269,UNIVERSIDADE FEDERAL DO ESTADO RIO DE JANEIRO,154034,UNIRIO UNIVERSIDADE FEDERAL DO ESTADO RJ,"R$ 34.562,45"
33903948,SERVICO DE SELECAO E TREINAMENTO,26269,UNIVERSIDADE FEDERAL DO ESTADO RIO DE JANEIRO,154034,UNIRIO UNIVERSIDADE FEDERAL DO ESTADO RJ,"R$ 0,00"
33903948,SERVICO DE SELECAO E TREINAMENTO,26269,UNIVERSIDADE FEDERAL DO ESTADO RIO DE JANEIRO,154034,UNIRIO UNIVERSIDADE FEDERAL DO ESTADO RJ,"R$ 0,00"
33903948,SERVICO DE SELECAO E TREINAMENTO,26269,UNIVERSIDADE FEDERAL DO ESTADO RIO DE JANEIRO,154034,UNIRIO UNIVERSIDADE FEDERAL DO ESTADO RJ,"R$ 0,00"
33903948,SERVICO DE SELECAO E TREINAMENTO,26269,UNIVERSIDADE FEDERAL DO ESTADO RIO DE JANEIRO,154034,UNIRIO UNIVERSIDADE FEDERAL DO ESTADO RJ,"R$ 3.890,00"
33903948,SERVICO DE SELECAO E TREINAMENTO,26269,UNIVERSIDADE FEDERAL DO ESTADO RIO DE JANEIRO,154034,UNIRIO UNIVERSIDADE FEDERAL DO ESTADO RJ,"R$ 29.645,00"
33903948,SERVICO DE SELECAO E TREINAMENTO,26269,UNIVERSIDADE FEDERAL DO ESTADO RIO DE JANEIRO,154034,UNIRIO UNIVERSIDADE FEDERAL DO ESTADO RJ,"R$ 0,00"
33903950,"SERV.MEDICO-HOSPITAL.,ODONTOL.E LABORATORIAIS",26269,UNIVERSIDADE FEDERAL DO ESTADO RIO DE JANEIRO,154034,UNIRIO UNIVERSIDADE FEDERAL DO ESTADO RJ,"R$ 0,00"
33903951,SERVICOS DE ANALISES E PESQUISAS CIENTIFICAS,26269,UNIVERSIDADE FEDERAL DO ESTADO RIO DE JANEIRO,154034,UNIRIO UNIVERSIDADE FEDERAL DO ESTADO RJ,"R$ 0,00"
33903957,SERVICOS TECNICOS PROFISSIONAIS DE T.I.,26269,UNIVERSIDADE FEDERAL DO ESTADO RIO DE JANEIRO,154034,UNIRIO UNIVERSIDADE FEDERAL DO ESTADO RJ,"R$ 0,00"
33903957,SERVICOS TECNICOS PROFISSIONAIS DE T.I.,26269,UNIVERSIDADE FEDERAL DO ESTADO RIO DE JANEIRO,154034,UNIRIO UNIVERSIDADE FEDERAL DO ESTADO RJ,"R$ 0,00"
33903958,SERVICOS DE TELECOMUNICACOES,26269,UNIVERSIDADE FEDERAL DO ESTADO RIO DE JANEIRO,154034,UNIRIO UNIVERSIDADE FEDERAL DO ESTADO RJ,"R$ 137.980,68"
33903958,SERVICOS DE TELECOMUNICACOES,26269,UNIVERSIDADE FEDERAL DO ESTADO RIO DE JANEIRO,154034,UNIRIO UNIVERSIDADE FEDERAL DO ESTADO RJ,"R$ 0,00"
33903958,SERVICOS DE TELECOMUNICACOES,26269,UNIVERSIDADE FEDERAL DO ESTADO RIO DE JANEIRO,154034,UNIRIO UNIVERSIDADE FEDERAL DO ESTADO RJ,"R$ 0,00"
33903958,SERVICOS DE TELECOMUNICACOES,26269,UNIVERSIDADE FEDERAL DO ESTADO RIO DE JANEIRO,154034,UNIRIO UNIVERSIDADE FEDERAL DO ESTADO RJ,"R$ 1.113.209,42"
33903958,SERVICOS DE TELECOMUNICACOES,26269,UNIVERSIDADE FEDERAL DO ESTADO RIO DE JANEIRO,154034,UNIRIO UNIVERSIDADE FEDERAL DO ESTADO RJ,"R$ 7.805,93"
33903958,SERVICOS DE TELECOMUNICACOES,26269,UNIVERSIDADE FEDERAL DO ESTADO RIO DE JANEIRO,154034,UNIRIO UNIVERSIDADE FEDERAL DO ESTADO RJ,"R$ 231.816,82"
33903959,"SERVICOS DE AUDIO, VIDEO E FOTO",26269,UNIVERSIDADE FEDERAL DO ESTADO RIO DE JANEIRO,154034,UNIRIO UNIVERSIDADE FEDERAL DO ESTADO RJ,"R$ 0,00"
33903959,"SERVICOS DE AUDIO, VIDEO E FOTO",26269,UNIVERSIDADE FEDERAL DO ESTADO RIO DE JANEIRO,154034,UNIRIO UNIVERSIDADE FEDERAL DO ESTADO RJ,"R$ 18.914,00"
33903959,"SERVICOS DE AUDIO, VIDEO E FOTO",26269,UNIVERSIDADE FEDERAL DO ESTADO RIO DE JANEIRO,154034,UNIRIO UNIVERSIDADE FEDERAL DO ESTADO RJ,"R$ 0,00"
33903962,SERVICOS DE PRODUCAO INDUSTRIAL,26269,UNIVERSIDADE FEDERAL DO ESTADO RIO DE JANEIRO,154034,UNIRIO UNIVERSIDADE FEDERAL DO ESTADO RJ,"R$ 0,00"
33903963,SERVICOS GRAFICOS E EDITORIAIS,26269,UNIVERSIDADE FEDERAL DO ESTADO RIO DE JANEIRO,154034,UNIRIO UNIVERSIDADE FEDERAL DO ESTADO RJ,"R$ 0,00"
33903963,SERVICOS GRAFICOS E EDITORIAIS,26269,UNIVERSIDADE FEDERAL DO ESTADO RIO DE JANEIRO,154034,UNIRIO UNIVERSIDADE FEDERAL DO ESTADO RJ,"R$ 0,00"
33903963,SERVICOS GRAFICOS E EDITORIAIS,26269,UNIVERSIDADE FEDERAL DO ESTADO RIO DE JANEIRO,154034,UNIRIO UNIVERSIDADE FEDERAL DO ESTADO RJ,"R$ 12.098,00"
33903963,SERVICOS GRAFICOS E EDITORIAIS,26269,UNIVERSIDADE FEDERAL DO ESTADO RIO DE JANEIRO,154034,UNIRIO UNIVERSIDADE FEDERAL DO ESTADO RJ,"R$ 0,00"
33903963,SERVICOS GRAFICOS E EDITORIAIS,26269,UNIVERSIDADE FEDERAL DO ESTADO RIO DE JANEIRO,154034,UNIRIO UNIVERSIDADE FEDERAL DO ESTADO RJ,"R$ 98.969,31"
33903963,SERVICOS GRAFICOS E EDITORIAIS,26269,UNIVERSIDADE FEDERAL DO ESTADO RIO DE JANEIRO,154034,UNIRIO UNIVERSIDADE FEDERAL DO ESTADO RJ,"R$ 6.650,00"
33903963,SERVICOS GRAFICOS E EDITORIAIS,26269,UNIVERSIDADE FEDERAL DO ESTADO RIO DE JANEIRO,154034,UNIRIO UNIVERSIDADE FEDERAL DO ESTADO RJ,"R$ 23.384,13"
33903965,SERVICOS DE APOIO AO ENSINO,26269,UNIVERSIDADE FEDERAL DO ESTADO RIO DE JANEIRO,154034,UNIRIO UNIVERSIDADE FEDERAL DO ESTADO RJ,"R$ 0,00"
33903965,SERVICOS DE APOIO AO ENSINO,26269,UNIVERSIDADE FEDERAL DO ESTADO RIO DE JANEIRO,154034,UNIRIO UNIVERSIDADE FEDERAL DO ESTADO RJ,"R$ 0,00"
33903965,SERVICOS DE APOIO AO ENSINO,26269,UNIVERSIDADE FEDERAL DO ESTADO RIO DE JANEIRO,154034,UNIRIO UNIVERSIDADE FEDERAL DO ESTADO RJ,"R$ 0,00"
33903965,SERVICOS DE APOIO AO ENSINO,26269,UNIVERSIDADE FEDERAL DO ESTADO RIO DE JANEIRO,154034,UNIRIO UNIVERSIDADE FEDERAL DO ESTADO RJ,"R$ 0,00"
33903965,SERVICOS DE APOIO AO ENSINO,26269,UNIVERSIDADE FEDERAL DO ESTADO RIO DE JANEIRO,154034,UNIRIO UNIVERSIDADE FEDERAL DO ESTADO RJ,"R$ 900.000,00"
33903965,SERVICOS DE APOIO AO ENSINO,26269,UNIVERSIDADE FEDERAL DO ESTADO RIO DE JANEIRO,154034,UNIRIO UNIVERSIDADE FEDERAL DO ESTADO RJ,"R$ 250.000,00"
33903965,SERVICOS DE APOIO AO ENSINO,26269,UNIVERSIDADE FEDERAL DO ESTADO RIO DE JANEIRO,154034,UNIRIO UNIVERSIDADE FEDERAL DO ESTADO RJ,"R$ 0,00"
33903965,SERVICOS DE APOIO AO ENSINO,26269,UNIVERSIDADE FEDERAL DO ESTADO RIO DE JANEIRO,154034,UNIRIO UNIVERSIDADE FEDERAL DO ESTADO RJ,"R$ 0,00"
33903965,SERVICOS DE APOIO AO ENSINO,26269,UNIVERSIDADE FEDERAL DO ESTADO RIO DE JANEIRO,154034,UNIRIO UNIVERSIDADE FEDERAL DO ESTADO RJ,"R$ 0,00"
33903965,SERVICOS DE APOIO AO ENSINO,26269,UNIVERSIDADE FEDERAL DO ESTADO RIO DE JANEIRO,154034,UNIRIO UNIVERSIDADE FEDERAL DO ESTADO RJ,"R$ 10.999.923,00"
33903965,SERVICOS DE APOIO AO ENSINO,26269,UNIVERSIDADE FEDERAL DO ESTADO RIO DE JANEIRO,154034,UNIRIO UNIVERSIDADE FEDERAL DO ESTADO RJ,"R$ 1.000.000,00"
33903969,SEGUROS EM GERAL,26269,UNIVERSIDADE FEDERAL DO ESTADO RIO DE JANEIRO,154034,UNIRIO UNIVERSIDADE FEDERAL DO ESTADO RJ,"R$ 0,00"
33903969,SEGUROS EM GERAL,26269,UNIVERSIDADE FEDERAL DO ESTADO RIO DE JANEIRO,154034,UNIRIO UNIVERSIDADE FEDERAL DO ESTADO RJ,"R$ 2.813,51"
33903969,SEGUROS EM GERAL,26269,UNIVERSIDADE FEDERAL DO ESTADO RIO DE JANEIRO,154034,UNIRIO UNIVERSIDADE FEDERAL DO ESTADO RJ,"R$ 9.068,47"
33903969,SEGUROS EM GERAL,26269,UNIVERSIDADE FEDERAL DO ESTADO RIO DE JANEIRO,154034,UNIRIO UNIVERSIDADE FEDERAL DO ESTADO RJ,"R$ 18.800,00"
33903969,SEGUROS EM GERAL,26269,UNIVERSIDADE FEDERAL DO ESTADO RIO DE JANEIRO,154034,UNIRIO UNIVERSIDADE FEDERAL DO ESTADO RJ,"R$ 1.235,40"
33903974,FRETES E TRANSPORTES DE ENCOMENDAS,26269,UNIVERSIDADE FEDERAL DO ESTADO RIO DE JANEIRO,154034,UNIRIO UNIVERSIDADE FEDERAL DO ESTADO RJ,"R$ 0,00"
33903974,FRETES E TRANSPORTES DE ENCOMENDAS,26269,UNIVERSIDADE FEDERAL DO ESTADO RIO DE JANEIRO,154034,UNIRIO UNIVERSIDADE FEDERAL DO ESTADO RJ,"R$ 255,80"
33903974,FRETES E TRANSPORTES DE ENCOMENDAS,26269,UNIVERSIDADE FEDERAL DO ESTADO RIO DE JANEIRO,154034,UNIRIO UNIVERSIDADE FEDERAL DO ESTADO RJ,"R$ 0,00"
33903977,VIGILANCIA OSTENSIVA/MONITORADA/RASTREAMENTO,26269,UNIVERSIDADE FEDERAL DO ESTADO RIO DE JANEIRO,154034,UNIRIO UNIVERSIDADE FEDERAL DO ESTADO RJ,"R$ 0,00"
33903978,LIMPEZA E CONSERVACAO,26269,UNIVERSIDADE FEDERAL DO ESTADO RIO DE JANEIRO,154034,UNIRIO UNIVERSIDADE FEDERAL DO ESTADO RJ,"R$ 6.455,40"
33903978,LIMPEZA E CONSERVACAO,26269,UNIVERSIDADE FEDERAL DO ESTADO RIO DE JANEIRO,154034,UNIRIO UNIVERSIDADE FEDERAL DO ESTADO RJ,"R$ 0,00"
33903978,LIMPEZA E CONSERVACAO,26269,UNIVERSIDADE FEDERAL DO ESTADO RIO DE JANEIRO,154034,UNIRIO UNIVERSIDADE FEDERAL DO ESTADO RJ,"R$ 64.927,04"
33903978,LIMPEZA E CONSERVACAO,26269,UNIVERSIDADE FEDERAL DO ESTADO RIO DE JANEIRO,154034,UNIRIO UNIVERSIDADE FEDERAL DO ESTADO RJ,"R$ 30.000,00"
33903978,LIMPEZA E CONSERVACAO,26269,UNIVERSIDADE FEDERAL DO ESTADO RIO DE JANEIRO,154034,UNIRIO UNIVERSIDADE FEDERAL DO ESTADO RJ,"R$ 0,00"
33903978,LIMPEZA E CONSERVACAO,26269,UNIVERSIDADE FEDERAL DO ESTADO RIO DE JANEIRO,154034,UNIRIO UNIVERSIDADE FEDERAL DO ESTADO RJ,"R$ 36.603,06"
33903979,"SERV. DE APOIO ADMIN., TECNICO E OPERACIONAL",26269,UNIVERSIDADE FEDERAL DO ESTADO RIO DE JANEIRO,154034,UNIRIO UNIVERSIDADE FEDERAL DO ESTADO RJ,"R$ 0,00"
33903979,"SERV. DE APOIO ADMIN., TECNICO E OPERACIONAL",26269,UNIVERSIDADE FEDERAL DO ESTADO RIO DE JANEIRO,154034,UNIRIO UNIVERSIDADE FEDERAL DO ESTADO RJ,"R$ 0,00"
33903979,"SERV. DE APOIO ADMIN., TECNICO E OPERACIONAL",26269,UNIVERSIDADE FEDERAL DO ESTADO RIO DE JANEIRO,154034,UNIRIO UNIVERSIDADE FEDERAL DO ESTADO RJ,"R$ 144.242,00"
33903992,SERVICOS DE PUBLICIDADE INSTITUCIONAL,26269,UNIVERSIDADE FEDERAL DO ESTADO RIO DE JANEIRO,154034,UNIRIO UNIVERSIDADE FEDERAL DO ESTADO RJ,"R$ 0,00"
33903992,SERVICOS DE PUBLICIDADE INSTITUCIONAL,26269,UNIVERSIDADE FEDERAL DO ESTADO RIO DE JANEIRO,154034,UNIRIO UNIVERSIDADE FEDERAL DO ESTADO RJ,"R$ 0,00"
33903996,OUTROS SERV.DE TERCEIROS PJ- PAGTO ANTECIPADO,26269,UNIVERSIDADE FEDERAL DO ESTADO RIO DE JANEIRO,154034,UNIRIO UNIVERSIDADE FEDERAL DO ESTADO RJ,"R$ 0,00"
33903997,COMUNICACAO DE DADOS,26269,UNIVERSIDADE FEDERAL DO ESTADO RIO DE JANEIRO,154034,UNIRIO UNIVERSIDADE FEDERAL DO ESTADO RJ,"R$ 0,00"
33903998,INSCRICAO DE RESTOS A PAGAR - SERVICOS DE TERCEIROS PJ,26269,UNIVERSIDADE FEDERAL DO ESTADO RIO DE JANEIRO,154034,UNIRIO UNIVERSIDADE FEDERAL DO ESTADO RJ,"R$ 0,00"
33903998,INSCRICAO DE RESTOS A PAGAR - SERVICOS DE TERCEIROS PJ,26269,UNIVERSIDADE FEDERAL DO ESTADO RIO DE JANEIRO,154034,UNIRIO UNIVERSIDADE FEDERAL DO ESTADO RJ,"R$ 0,00"
33903998,INSCRICAO DE RESTOS A PAGAR - SERVICOS DE TERCEIROS PJ,26269,UNIVERSIDADE FEDERAL DO ESTADO RIO DE JANEIRO,154034,UNIRIO UNIVERSIDADE FEDERAL DO ESTADO RJ,"R$ 0,00"
33904011,SUPORTE DE INFRAESTRUTURA DE TIC,26269,UNIVERSIDADE FEDERAL DO ESTADO RIO DE JANEIRO,154034,UNIRIO UNIVERSIDADE FEDERAL DO ESTADO RJ,"R$ 0,00"
33904011,SUPORTE DE INFRAESTRUTURA DE TIC,26269,UNIVERSIDADE FEDERAL DO ESTADO RIO DE JANEIRO,154034,UNIRIO UNIVERSIDADE FEDERAL DO ESTADO RJ,"R$ 169.076,40"
33904012,MANUTENCAO E CONSERVACAO DE EQUIPAMENTOS DE TIC,26269,UNIVERSIDADE FEDERAL DO ESTADO RIO DE JANEIRO,154034,UNIRIO UNIVERSIDADE FEDERAL DO ESTADO RJ,"R$ 0,00"
33904012,MANUTENCAO E CONSERVACAO DE EQUIPAMENTOS DE TIC,26269,UNIVERSIDADE FEDERAL DO ESTADO RIO DE JANEIRO,154034,UNIRIO UNIVERSIDADE FEDERAL DO ESTADO RJ,"R$ 8.895,00"
33904013,COMUNICACAO DE DADOS E REDES EM GERAL,26269,UNIVERSIDADE FEDERAL DO ESTADO RIO DE JANEIRO,154034,UNIRIO UNIVERSIDADE FEDERAL DO ESTADO RJ,"R$ 74.192,67"
33904020,TREINAMENTO/CAPACITACAO EM TIC,26269,UNIVERSIDADE FEDERAL DO ESTADO RIO DE JANEIRO,154034,UNIRIO UNIVERSIDADE FEDERAL DO ESTADO RJ,"R$ 0,00"
33904021,SERVICOS TECNICOS PROFISSIONAIS DE TIC,26269,UNIVERSIDADE FEDERAL DO ESTADO RIO DE JANEIRO,154034,UNIRIO UNIVERSIDADE FEDERAL DO ESTADO RJ,"R$ 350,00"
33904023,EMISSAO DE CERTIFICADOS DIGITAIS,26269,UNIVERSIDADE FEDERAL DO ESTADO RIO DE JANEIRO,154034,UNIRIO UNIVERSIDADE FEDERAL DO ESTADO RJ,"R$ 10.901,48"
33904023,EMISSAO DE CERTIFICADOS DIGITAIS,26269,UNIVERSIDADE FEDERAL DO ESTADO RIO DE JANEIRO,154034,UNIRIO UNIVERSIDADE FEDERAL DO ESTADO RJ,"R$ 0,00"
33904601,AUXILIO-ALIMENTACAO CIVIS,26269,UNIVERSIDADE FEDERAL DO ESTADO RIO DE JANEIRO,154034,UNIRIO UNIVERSIDADE FEDERAL DO ESTADO RJ,"R$ 7.150.351,28"
33904702,IMPOSTO S/ PROP. PREDIAL E TERRIT.URBANA-IPTU,26269,UNIVERSIDADE FEDERAL DO ESTADO RIO DE JANEIRO,154034,UNIRIO UNIVERSIDADE FEDERAL DO ESTADO RJ,"R$ 0,00"
33904702,IMPOSTO S/ PROP. PREDIAL E TERRIT.URBANA-IPTU,26269,UNIVERSIDADE FEDERAL DO ESTADO RIO DE JANEIRO,154034,UNIRIO UNIVERSIDADE FEDERAL DO ESTADO RJ,"R$ 51.339,08"
33904710,TAXAS,26269,UNIVERSIDADE FEDERAL DO ESTADO RIO DE JANEIRO,154034,UNIRIO UNIVERSIDADE FEDERAL DO ESTADO RJ,"R$ 0,00"
33904710,TAXAS,26269,UNIVERSIDADE FEDERAL DO ESTADO RIO DE JANEIRO,154034,UNIRIO UNIVERSIDADE FEDERAL DO ESTADO RJ,"R$ 1.418,96"
33904715,MULTAS DEDUTIVEIS,26269,UNIVERSIDADE FEDERAL DO ESTADO RIO DE JANEIRO,154034,UNIRIO UNIVERSIDADE FEDERAL DO ESTADO RJ,"R$ 0,00"
33904715,MULTAS DEDUTIVEIS,26269,UNIVERSIDADE FEDERAL DO ESTADO RIO DE JANEIRO,154034,UNIRIO UNIVERSIDADE FEDERAL DO ESTADO RJ,"R$ 372,50"
33904722,CONTRIBUICAO P/ CUSTEIO DE ILUMINACAO PUBLICA,26269,UNIVERSIDADE FEDERAL DO ESTADO RIO DE JANEIRO,154034,UNIRIO UNIVERSIDADE FEDERAL DO ESTADO RJ,"R$ 0,00"
33904722,CONTRIBUICAO P/ CUSTEIO DE ILUMINACAO PUBLICA,26269,UNIVERSIDADE FEDERAL DO ESTADO RIO DE JANEIRO,154034,UNIRIO UNIVERSIDADE FEDERAL DO ESTADO RJ,"R$ 41.552,99"
33904901,AUXILIO-TRANSPORTE CIVIS,26269,UNIVERSIDADE FEDERAL DO ESTADO RIO DE JANEIRO,154034,UNIRIO UNIVERSIDADE FEDERAL DO ESTADO RJ,"R$ 2.663.842,35"
33905901,PENS.INDENIZ.ORIUND.DEB.PERIOD.VINC.SENT.JUD,26269,UNIVERSIDADE FEDERAL DO ESTADO RIO DE JANEIRO,154034,UNIRIO UNIVERSIDADE FEDERAL DO ESTADO RJ,"R$ 10.494,00"
33909106,HONORARIOS SUCUMBENCIAIS DE PRECATORIOS,12000,JUSTICA FEDERAL,90048,TRIBUNAL REGIONAL FEDERAL DA 2A. REG.-PR. RPV,"R$ 36.229,31"
33909208,OUTROS BENEF.ASSIST.DO SERVIDOR E DO MILITAR,26269,UNIVERSIDADE FEDERAL DO ESTADO RIO DE JANEIRO,154034,UNIRIO UNIVERSIDADE FEDERAL DO ESTADO RJ,"R$ 1.250,57"
33909233,PASSAGENS E DESPESAS COM LOCOMOCAO,26269,UNIVERSIDADE FEDERAL DO ESTADO RIO DE JANEIRO,154034,UNIRIO UNIVERSIDADE FEDERAL DO ESTADO RJ,"R$ 0,00"
33909236,OUTROS SERVICOS DE TERCEIROS - PESSOA FISICA,26269,UNIVERSIDADE FEDERAL DO ESTADO RIO DE JANEIRO,154034,UNIRIO UNIVERSIDADE FEDERAL DO ESTADO RJ,"R$ 0,00"
33909236,OUTROS SERVICOS DE TERCEIROS - PESSOA FISICA,26269,UNIVERSIDADE FEDERAL DO ESTADO RIO DE JANEIRO,154034,UNIRIO UNIVERSIDADE FEDERAL DO ESTADO RJ,"R$ 0,00"
33909236,OUTROS SERVICOS DE TERCEIROS - PESSOA FISICA,26269,UNIVERSIDADE FEDERAL DO ESTADO RIO DE JANEIRO,154034,UNIRIO UNIVERSIDADE FEDERAL DO ESTADO RJ,"R$ 1.819,85"
33909236,OUTROS SERVICOS DE TERCEIROS - PESSOA FISICA,26269,UNIVERSIDADE FEDERAL DO ESTADO RIO DE JANEIRO,154034,UNIRIO UNIVERSIDADE FEDERAL DO ESTADO RJ,"R$ 197.206,52"
33909237,LOCACAO DE MAO-DE-OBRA,26269,UNIVERSIDADE FEDERAL DO ESTADO RIO DE JANEIRO,154034,UNIRIO UNIVERSIDADE FEDERAL DO ESTADO RJ,"R$ 222.657,48"
33909239,OUTROS SERVICOS DE TERCEIROS - PJ,26269,UNIVERSIDADE FEDERAL DO ESTADO RIO DE JANEIRO,154034,UNIRIO UNIVERSIDADE FEDERAL DO ESTADO RJ,"R$ 0,00"
33909239,OUTROS SERVICOS DE TERCEIROS - PJ,26269,UNIVERSIDADE FEDERAL DO ESTADO RIO DE JANEIRO,154034,UNIRIO UNIVERSIDADE FEDERAL DO ESTADO RJ,"R$ 0,00"
33909239,OUTROS SERVICOS DE TERCEIROS - PJ,26269,UNIVERSIDADE FEDERAL DO ESTADO RIO DE JANEIRO,154034,UNIRIO UNIVERSIDADE FEDERAL DO ESTADO RJ,"R$ 559.113,77"
33909239,OUTROS SERVICOS DE TERCEIROS - PJ,26269,UNIVERSIDADE FEDERAL DO ESTADO RIO DE JANEIRO,154034,UNIRIO UNIVERSIDADE FEDERAL DO ESTADO RJ,"R$ 0,00"
33909240,SERVICOS DE TECNOLOGIA DA INFORMACAO E COMUNICACAO - PJ,26269,UNIVERSIDADE FEDERAL DO ESTADO RIO DE JANEIRO,154034,UNIRIO UNIVERSIDADE FEDERAL DO ESTADO RJ,"R$ 15.745,26"
33909247,OBRIGACOES TRIBUTARIAS E CONTRIBUTIVAS,26269,UNIVERSIDADE FEDERAL DO ESTADO RIO DE JANEIRO,154034,UNIRIO UNIVERSIDADE FEDERAL DO ESTADO RJ,"R$ 0,00"
33909249,AUXILIO-TRANPORTE,26269,UNIVERSIDADE FEDERAL DO ESTADO RIO DE JANEIRO,154034,UNIRIO UNIVERSIDADE FEDERAL DO ESTADO RJ,"R$ 700,56"
33909293,INDENIZACOES E RESTITUICOES,26269,UNIVERSIDADE FEDERAL DO ESTADO RIO DE JANEIRO,154034,UNIRIO UNIVERSIDADE FEDERAL DO ESTADO RJ,"R$ 0,00"
33909293,INDENIZACOES E RESTITUICOES,26269,UNIVERSIDADE FEDERAL DO ESTADO RIO DE JANEIRO,154034,UNIRIO UNIVERSIDADE FEDERAL DO ESTADO RJ,"R$ 103.340,49"
33909296,RESSARCIMENTO DE DESPESAS COM PESSOAL REQUISITADO,26269,UNIVERSIDADE FEDERAL DO ESTADO RIO DE JANEIRO,154034,UNIRIO UNIVERSIDADE FEDERAL DO ESTADO RJ,"R$ 1.360,00"
33909302,RESTITUICOES,26269,UNIVERSIDADE FEDERAL DO ESTADO RIO DE JANEIRO,154034,UNIRIO UNIVERSIDADE FEDERAL DO ESTADO RJ,"R$ 0,00"
33909302,RESTITUICOES,26269,UNIVERSIDADE FEDERAL DO ESTADO RIO DE JANEIRO,154034,UNIRIO UNIVERSIDADE FEDERAL DO ESTADO RJ,"R$ 0,00"
33909302,RESTITUICOES,26269,UNIVERSIDADE FEDERAL DO ESTADO RIO DE JANEIRO,154034,UNIRIO UNIVERSIDADE FEDERAL DO ESTADO RJ,"R$ 1.800,79"
33909307,INDENIZACAO DE MORADIA - PESSOAL CIVIL,26269,UNIVERSIDADE FEDERAL DO ESTADO RIO DE JANEIRO,154034,UNIRIO UNIVERSIDADE FEDERAL DO ESTADO RJ,"R$ 5.640,83"
33909307,INDENIZACAO DE MORADIA - PESSOAL CIVIL,26269,UNIVERSIDADE FEDERAL DO ESTADO RIO DE JANEIRO,154034,UNIRIO UNIVERSIDADE FEDERAL DO ESTADO RJ,"R$ 24.000,00"
33909308,RESSARCIMENTO ASSISTENCIA MEDICA/ODONTOLOGICA,26269,UNIVERSIDADE FEDERAL DO ESTADO RIO DE JANEIRO,154034,UNIRIO UNIVERSIDADE FEDERAL DO ESTADO RJ,"R$ 1.426.121,13"
33909311,RESSARCIMENTO DE MENSALIDADES,26269,UNIVERSIDADE FEDERAL DO ESTADO RIO DE JANEIRO,154034,UNIRIO UNIVERSIDADE FEDERAL DO ESTADO RJ,"R$ 166.709,96"
33909311,RESSARCIMENTO DE MENSALIDADES,26269,UNIVERSIDADE FEDERAL DO ESTADO RIO DE JANEIRO,154035,HOSPITAL UNIV. GAFFREE E GUINLE DA UNIRIO,"R$ 145.091,63"
33909314,RESSARCIMENTO DE PASSAGENS E DESP.C/LOCOMOCAO,26269,UNIVERSIDADE FEDERAL DO ESTADO RIO DE JANEIRO,154034,UNIRIO UNIVERSIDADE FEDERAL DO ESTADO RJ,"R$ 1.061,22"
33909601,PESSOAL REQUISITADO DE OUTROS ORGAOS DA APF,26269,UNIVERSIDADE FEDERAL DO ESTADO RIO DE JANEIRO,154034,UNIRIO UNIVERSIDADE FEDERAL DO ESTADO RJ,"R$ 0,00"
33909601,PESSOAL REQUISITADO DE OUTROS ORGAOS DA APF,26269,UNIVERSIDADE FEDERAL DO ESTADO RIO DE JANEIRO,154034,UNIRIO UNIVERSIDADE FEDERAL DO ESTADO RJ,"R$ 0,00"
33913901,ASSINATURAS DE PERIODICOS E ANUIDADES,26269,UNIVERSIDADE FEDERAL DO ESTADO RIO DE JANEIRO,154034,UNIRIO UNIVERSIDADE FEDERAL DO ESTADO RJ,"R$ 23.326,24"
33913901,ASSINATURAS DE PERIODICOS E ANUIDADES,26269,UNIVERSIDADE FEDERAL DO ESTADO RIO DE JANEIRO,154034,UNIRIO UNIVERSIDADE FEDERAL DO ESTADO RJ,"R$ 66.195,00"
33913901,ASSINATURAS DE PERIODICOS E ANUIDADES,26269,UNIVERSIDADE FEDERAL DO ESTADO RIO DE JANEIRO,154034,UNIRIO UNIVERSIDADE FEDERAL DO ESTADO RJ,"R$ 0,00"
33913948,SERVICO DE SELECAO E TREINAMENTO,26269,UNIVERSIDADE FEDERAL DO ESTADO RIO DE JANEIRO,154034,UNIRIO UNIVERSIDADE FEDERAL DO ESTADO RJ,"R$ 868,00"
33913948,SERVICO DE SELECAO E TREINAMENTO,26269,UNIVERSIDADE FEDERAL DO ESTADO RIO DE JANEIRO,154034,UNIRIO UNIVERSIDADE FEDERAL DO ESTADO RJ,"R$ 0,00"
33913948,SERVICO DE SELECAO E TREINAMENTO,26269,UNIVERSIDADE FEDERAL DO ESTADO RIO DE JANEIRO,154034,UNIRIO UNIVERSIDADE FEDERAL DO ESTADO RJ,"R$ 0,00"
33913948,SERVICO DE SELECAO E TREINAMENTO,26269,UNIVERSIDADE FEDERAL DO ESTADO RIO DE JANEIRO,154034,UNIRIO UNIVERSIDADE FEDERAL DO ESTADO RJ,"R$ 0,00"
33913990,SERVICOS DE PUBLICIDADE LEGAL,26269,UNIVERSIDADE FEDERAL DO ESTADO RIO DE JANEIRO,154034,UNIRIO UNIVERSIDADE FEDERAL DO ESTADO RJ,"R$ 0,00"
33914712,CONTRIBUICAO P/ O PIS/PASEP,26269,UNIVERSIDADE FEDERAL DO ESTADO RIO DE JANEIRO,154034,UNIRIO UNIVERSIDADE FEDERAL DO ESTADO RJ,"R$ 0,00"
33914712,CONTRIBUICAO P/ O PIS/PASEP,26269,UNIVERSIDADE FEDERAL DO ESTADO RIO DE JANEIRO,154034,UNIRIO UNIVERSIDADE FEDERAL DO ESTADO RJ,"R$ 1.824.102,04"
33914718,CONTRIB.PREVIDENCIARIAS-SERVICOS DE TERCEIROS,26269,UNIVERSIDADE FEDERAL DO ESTADO RIO DE JANEIRO,154034,UNIRIO UNIVERSIDADE FEDERAL DO ESTADO RJ,"R$ 0,00"
33914718,CONTRIB.PREVIDENCIARIAS-SERVICOS DE TERCEIROS,26269,UNIVERSIDADE FEDERAL DO ESTADO RIO DE JANEIRO,154034,UNIRIO UNIVERSIDADE FEDERAL DO ESTADO RJ,"R$ 0,00"
33914718,CONTRIB.PREVIDENCIARIAS-SERVICOS DE TERCEIROS,26269,UNIVERSIDADE FEDERAL DO ESTADO RIO DE JANEIRO,154034,UNIRIO UNIVERSIDADE FEDERAL DO ESTADO RJ,"R$ 5.143,42"
33914718,CONTRIB.PREVIDENCIARIAS-SERVICOS DE TERCEIROS,26269,UNIVERSIDADE FEDERAL DO ESTADO RIO DE JANEIRO,154034,UNIRIO UNIVERSIDADE FEDERAL DO ESTADO RJ,"R$ 17.141,59"
33919247,OBRIGACOES TRIBUTARIAS E CONTRIBUTIVAS,26269,UNIVERSIDADE FEDERAL DO ESTADO RIO DE JANEIRO,154034,UNIRIO UNIVERSIDADE FEDERAL DO ESTADO RJ,"R$ 0,00"
33919247,OBRIGACOES TRIBUTARIAS E CONTRIBUTIVAS,26269,UNIVERSIDADE FEDERAL DO ESTADO RIO DE JANEIRO,154034,UNIRIO UNIVERSIDADE FEDERAL DO ESTADO RJ,"R$ 0,00"
33919247,OBRIGACOES TRIBUTARIAS E CONTRIBUTIVAS,26269,UNIVERSIDADE FEDERAL DO ESTADO RIO DE JANEIRO,154034,UNIRIO UNIVERSIDADE FEDERAL DO ESTADO RJ,"R$ 363,97"
44903962,SERVICOS DE PRODUCAO INDUSTRIAL,26269,UNIVERSIDADE FEDERAL DO ESTADO RIO DE JANEIRO,154034,UNIRIO UNIVERSIDADE FEDERAL DO ESTADO RJ,"R$ 0,00"
44904005,AQUISICAO DE SOFTWARE PRONTO,26269,UNIVERSIDADE FEDERAL DO ESTADO RIO DE JANEIRO,154034,UNIRIO UNIVERSIDADE FEDERAL DO ESTADO RJ,"R$ 49.850,00"
44904005,AQUISICAO DE SOFTWARE PRONTO,26269,UNIVERSIDADE FEDERAL DO ESTADO RIO DE JANEIRO,154034,UNIRIO UNIVERSIDADE FEDERAL DO ESTADO RJ,"R$ 0,00"
44904006,AQUISICAO DE SOFTWARE SOB ENCOMENDA OU CUSTOMIZADOS,26269,UNIVERSIDADE FEDERAL DO ESTADO RIO DE JANEIRO,154034,UNIRIO UNIVERSIDADE FEDERAL DO ESTADO RJ,"R$ 0,00"
44905180,ESTUDOS E PROJETOS,26269,UNIVERSIDADE FEDERAL DO ESTADO RIO DE JANEIRO,154034,UNIRIO UNIVERSIDADE FEDERAL DO ESTADO RJ,"R$ 0,00"
44905191,OBRAS EM ANDAMENTO,26269,UNIVERSIDADE FEDERAL DO ESTADO RIO DE JANEIRO,154034,UNIRIO UNIVERSIDADE FEDERAL DO ESTADO RJ,"R$ 0,00"
44905191,OBRAS EM ANDAMENTO,26269,UNIVERSIDADE FEDERAL DO ESTADO RIO DE JANEIRO,154034,UNIRIO UNIVERSIDADE FEDERAL DO ESTADO RJ,"R$ 0,00"
44905191,OBRAS EM ANDAMENTO,26269,UNIVERSIDADE FEDERAL DO ESTADO RIO DE JANEIRO,154034,UNIRIO UNIVERSIDADE FEDERAL DO ESTADO RJ,"R$ 617.485,60"
44905191,OBRAS EM ANDAMENTO,26269,UNIVERSIDADE FEDERAL DO ESTADO RIO DE JANEIRO,154034,UNIRIO UNIVERSIDADE FEDERAL DO ESTADO RJ,"R$ 0,00"
44905191,OBRAS EM ANDAMENTO,26269,UNIVERSIDADE FEDERAL DO ESTADO RIO DE JANEIRO,154034,UNIRIO UNIVERSIDADE FEDERAL DO ESTADO RJ,"R$ 0,00"
44905191,OBRAS EM ANDAMENTO,26269,UNIVERSIDADE FEDERAL DO ESTADO RIO DE JANEIRO,154034,UNIRIO UNIVERSIDADE FEDERAL DO ESTADO RJ,"R$ 0,00"
44905191,OBRAS EM ANDAMENTO,26269,UNIVERSIDADE FEDERAL DO ESTADO RIO DE JANEIRO,154034,UNIRIO UNIVERSIDADE FEDERAL DO ESTADO RJ,"R$ 81.143,23"
44905191,OBRAS EM ANDAMENTO,26269,UNIVERSIDADE FEDERAL DO ESTADO RIO DE JANEIRO,154034,UNIRIO UNIVERSIDADE FEDERAL DO ESTADO RJ,"R$ 0,00"
44905191,OBRAS EM ANDAMENTO,26269,UNIVERSIDADE FEDERAL DO ESTADO RIO DE JANEIRO,154034,UNIRIO UNIVERSIDADE FEDERAL DO ESTADO RJ,"R$ 0,00"
44905191,OBRAS EM ANDAMENTO,26269,UNIVERSIDADE FEDERAL DO ESTADO RIO DE JANEIRO,154034,UNIRIO UNIVERSIDADE FEDERAL DO ESTADO RJ,"R$ 0,00"
44905192,INSTALACOES,26269,UNIVERSIDADE FEDERAL DO ESTADO RIO DE JANEIRO,154034,UNIRIO UNIVERSIDADE FEDERAL DO ESTADO RJ,"R$ 342,10"
44905192,INSTALACOES,26269,UNIVERSIDADE FEDERAL DO ESTADO RIO DE JANEIRO,154034,UNIRIO UNIVERSIDADE FEDERAL DO ESTADO RJ,"R$ 651.806,88"
44905192,INSTALACOES,26269,UNIVERSIDADE FEDERAL DO ESTADO RIO DE JANEIRO,154034,UNIRIO UNIVERSIDADE FEDERAL DO ESTADO RJ,"R$ 0,00"
44905198,INSCRICAO DE RESTOS A PAGAR - OBRAS E INSTALACOES,26269,UNIVERSIDADE FEDERAL DO ESTADO RIO DE JANEIRO,154034,UNIRIO UNIVERSIDADE FEDERAL DO ESTADO RJ,"R$ 0,00"
44905198,INSCRICAO DE RESTOS A PAGAR - OBRAS E INSTALACOES,26269,UNIVERSIDADE FEDERAL DO ESTADO RIO DE JANEIRO,154034,UNIRIO UNIVERSIDADE FEDERAL DO ESTADO RJ,"R$ 0,00"
44905198,INSCRICAO DE RESTOS A PAGAR - OBRAS E INSTALACOES,26269,UNIVERSIDADE FEDERAL DO ESTADO RIO DE JANEIRO,154034,UNIRIO UNIVERSIDADE FEDERAL DO ESTADO RJ,"R$ 0,00"
44905198,INSCRICAO DE RESTOS A PAGAR - OBRAS E INSTALACOES,26269,UNIVERSIDADE FEDERAL DO ESTADO RIO DE JANEIRO,154034,UNIRIO UNIVERSIDADE FEDERAL DO ESTADO RJ,"R$ 0,00"
44905198,INSCRICAO DE RESTOS A PAGAR - OBRAS E INSTALACOES,26269,UNIVERSIDADE FEDERAL DO ESTADO RIO DE JANEIRO,154034,UNIRIO UNIVERSIDADE FEDERAL DO ESTADO RJ,"R$ 0,00"
44905198,INSCRICAO DE RESTOS A PAGAR - OBRAS E INSTALACOES,26269,UNIVERSIDADE FEDERAL DO ESTADO RIO DE JANEIRO,154034,UNIRIO UNIVERSIDADE FEDERAL DO ESTADO RJ,"R$ 0,00"
44905206,APARELHOS E EQUIPAMENTOS DE COMUNICACAO,26269,UNIVERSIDADE FEDERAL DO ESTADO RIO DE JANEIRO,154034,UNIRIO UNIVERSIDADE FEDERAL DO ESTADO RJ,"R$ 0,00"
44905208,"APAR.EQUIP.UTENS.MED.,ODONT,LABOR.HOSPIT.",26269,UNIVERSIDADE FEDERAL DO ESTADO RIO DE JANEIRO,154034,UNIRIO UNIVERSIDADE FEDERAL DO ESTADO RJ,"R$ 0,00"
44905208,"APAR.EQUIP.UTENS.MED.,ODONT,LABOR.HOSPIT.",26269,UNIVERSIDADE FEDERAL DO ESTADO RIO DE JANEIRO,154034,UNIRIO UNIVERSIDADE FEDERAL DO ESTADO RJ,"R$ 0,00"
44905208,"APAR.EQUIP.UTENS.MED.,ODONT,LABOR.HOSPIT.",26269,UNIVERSIDADE FEDERAL DO ESTADO RIO DE JANEIRO,154034,UNIRIO UNIVERSIDADE FEDERAL DO ESTADO RJ,"R$ 0,00"
44905208,"APAR.EQUIP.UTENS.MED.,ODONT,LABOR.HOSPIT.",26269,UNIVERSIDADE FEDERAL DO ESTADO RIO DE JANEIRO,154034,UNIRIO UNIVERSIDADE FEDERAL DO ESTADO RJ,"R$ 0,00"
44905208,"APAR.EQUIP.UTENS.MED.,ODONT,LABOR.HOSPIT.",26269,UNIVERSIDADE FEDERAL DO ESTADO RIO DE JANEIRO,154034,UNIRIO UNIVERSIDADE FEDERAL DO ESTADO RJ,"R$ 203.341,35"
44905208,"APAR.EQUIP.UTENS.MED.,ODONT,LABOR.HOSPIT.",26269,UNIVERSIDADE FEDERAL DO ESTADO RIO DE JANEIRO,154034,UNIRIO UNIVERSIDADE FEDERAL DO ESTADO RJ,"R$ 0,00"
44905208,"APAR.EQUIP.UTENS.MED.,ODONT,LABOR.HOSPIT.",26269,UNIVERSIDADE FEDERAL DO ESTADO RIO DE JANEIRO,154034,UNIRIO UNIVERSIDADE FEDERAL DO ESTADO RJ,"R$ 7.532,83"
44905212,APARELHOS E UTENSILIOS DOMESTICOS,26269,UNIVERSIDADE FEDERAL DO ESTADO RIO DE JANEIRO,154034,UNIRIO UNIVERSIDADE FEDERAL DO ESTADO RJ,"R$ 0,00"
44905212,APARELHOS E UTENSILIOS DOMESTICOS,26269,UNIVERSIDADE FEDERAL DO ESTADO RIO DE JANEIRO,154034,UNIRIO UNIVERSIDADE FEDERAL DO ESTADO RJ,"R$ 0,00"
44905212,APARELHOS E UTENSILIOS DOMESTICOS,26269,UNIVERSIDADE FEDERAL DO ESTADO RIO DE JANEIRO,154034,UNIRIO UNIVERSIDADE FEDERAL DO ESTADO RJ,"R$ 20.274,87"
44905212,APARELHOS E UTENSILIOS DOMESTICOS,26269,UNIVERSIDADE FEDERAL DO ESTADO RIO DE JANEIRO,154034,UNIRIO UNIVERSIDADE FEDERAL DO ESTADO RJ,"R$ 0,00"
44905218,COLECOES E MATERIAIS BIBLIOGRAFICOS,26269,UNIVERSIDADE FEDERAL DO ESTADO RIO DE JANEIRO,154034,UNIRIO UNIVERSIDADE FEDERAL DO ESTADO RJ,"R$ 0,00"
44905218,COLECOES E MATERIAIS BIBLIOGRAFICOS,26269,UNIVERSIDADE FEDERAL DO ESTADO RIO DE JANEIRO,154034,UNIRIO UNIVERSIDADE FEDERAL DO ESTADO RJ,"R$ 0,00"
44905218,COLECOES E MATERIAIS BIBLIOGRAFICOS,26269,UNIVERSIDADE FEDERAL DO ESTADO RIO DE JANEIRO,154034,UNIRIO UNIVERSIDADE FEDERAL DO ESTADO RJ,"R$ 3.279,92"
44905224,"EQUIPAMENTO DE PROTECAO, SEGURANCA E  SOCORRO",26269,UNIVERSIDADE FEDERAL DO ESTADO RIO DE JANEIRO,154034,UNIRIO UNIVERSIDADE FEDERAL DO ESTADO RJ,"R$ 0,00"
44905228,MAQUINAS E EQUIPAMENTOS DE NATUREZA INDUSTRIAL,26269,UNIVERSIDADE FEDERAL DO ESTADO RIO DE JANEIRO,154034,UNIRIO UNIVERSIDADE FEDERAL DO ESTADO RJ,"R$ 0,00"
44905232,MAQUINAS E EQUIPAMENTOS GRAFICOS,26269,UNIVERSIDADE FEDERAL DO ESTADO RIO DE JANEIRO,154034,UNIRIO UNIVERSIDADE FEDERAL DO ESTADO RJ,"R$ 0,00"
44905233,"EQUIPAMENTOS PARA AUDIO, VIDEO E FOTO",26269,UNIVERSIDADE FEDERAL DO ESTADO RIO DE JANEIRO,154034,UNIRIO UNIVERSIDADE FEDERAL DO ESTADO RJ,"R$ 11.830,36"
44905234,"MAQUINAS, UTENSILIOS E EQUIPAMENTOS  DIVERSOS",26269,UNIVERSIDADE FEDERAL DO ESTADO RIO DE JANEIRO,154034,UNIRIO UNIVERSIDADE FEDERAL DO ESTADO RJ,"R$ 0,00"
44905235,MATERIAL DE TIC (PERMANENTE),26269,UNIVERSIDADE FEDERAL DO ESTADO RIO DE JANEIRO,154034,UNIRIO UNIVERSIDADE FEDERAL DO ESTADO RJ,"R$ 0,00"
44905235,MATERIAL DE TIC (PERMANENTE),26269,UNIVERSIDADE FEDERAL DO ESTADO RIO DE JANEIRO,154034,UNIRIO UNIVERSIDADE FEDERAL DO ESTADO RJ,"R$ 0,00"
44905235,MATERIAL DE TIC (PERMANENTE),26269,UNIVERSIDADE FEDERAL DO ESTADO RIO DE JANEIRO,154034,UNIRIO UNIVERSIDADE FEDERAL DO ESTADO RJ,"R$ 0,00"
44905235,MATERIAL DE TIC (PERMANENTE),26269,UNIVERSIDADE FEDERAL DO ESTADO RIO DE JANEIRO,154034,UNIRIO UNIVERSIDADE FEDERAL DO ESTADO RJ,"R$ 410.578,96"
44905235,MATERIAL DE TIC (PERMANENTE),26269,UNIVERSIDADE FEDERAL DO ESTADO RIO DE JANEIRO,154034,UNIRIO UNIVERSIDADE FEDERAL DO ESTADO RJ,"R$ 0,00"
44905235,MATERIAL DE TIC (PERMANENTE),26269,UNIVERSIDADE FEDERAL DO ESTADO RIO DE JANEIRO,154034,UNIRIO UNIVERSIDADE FEDERAL DO ESTADO RJ,"R$ 0,00"
44905235,MATERIAL DE TIC (PERMANENTE),26269,UNIVERSIDADE FEDERAL DO ESTADO RIO DE JANEIRO,154034,UNIRIO UNIVERSIDADE FEDERAL DO ESTADO RJ,"R$ 0,00"
44905235,MATERIAL DE TIC (PERMANENTE),26269,UNIVERSIDADE FEDERAL DO ESTADO RIO DE JANEIRO,154034,UNIRIO UNIVERSIDADE FEDERAL DO ESTADO RJ,"R$ 0,00"
44905239,EQUIP. E UTENSILIOS HIDRAULICOS E ELETRICOS,26269,UNIVERSIDADE FEDERAL DO ESTADO RIO DE JANEIRO,154034,UNIRIO UNIVERSIDADE FEDERAL DO ESTADO RJ,"R$ 5.133,33"
44905241,EQUIPAMENTOS DE TIC - COMPUTADORES,26269,UNIVERSIDADE FEDERAL DO ESTADO RIO DE JANEIRO,154034,UNIRIO UNIVERSIDADE FEDERAL DO ESTADO RJ,"R$ 0,00"
44905242,MOBILIARIO EM GERAL,26269,UNIVERSIDADE FEDERAL DO ESTADO RIO DE JANEIRO,154034,UNIRIO UNIVERSIDADE FEDERAL DO ESTADO RJ,"R$ 0,00"
44905242,MOBILIARIO EM GERAL,26269,UNIVERSIDADE FEDERAL DO ESTADO RIO DE JANEIRO,154034,UNIRIO UNIVERSIDADE FEDERAL DO ESTADO RJ,"R$ 0,00"
44905242,MOBILIARIO EM GERAL,26269,UNIVERSIDADE FEDERAL DO ESTADO RIO DE JANEIRO,154034,UNIRIO UNIVERSIDADE FEDERAL DO ESTADO RJ,"R$ 2.981,22"
44905242,MOBILIARIO EM GERAL,26269,UNIVERSIDADE FEDERAL DO ESTADO RIO DE JANEIRO,154034,UNIRIO UNIVERSIDADE FEDERAL DO ESTADO RJ,"R$ 65.091,15"
44905242,MOBILIARIO EM GERAL,26269,UNIVERSIDADE FEDERAL DO ESTADO RIO DE JANEIRO,154034,UNIRIO UNIVERSIDADE FEDERAL DO ESTADO RJ,"R$ 0,00"
44905242,MOBILIARIO EM GERAL,26269,UNIVERSIDADE FEDERAL DO ESTADO RIO DE JANEIRO,154034,UNIRIO UNIVERSIDADE FEDERAL DO ESTADO RJ,"R$ 2.600,00"
44905242,MOBILIARIO EM GERAL,26269,UNIVERSIDADE FEDERAL DO ESTADO RIO DE JANEIRO,154034,UNIRIO UNIVERSIDADE FEDERAL DO ESTADO RJ,"R$ 0,00"
44905245,EQUIPAMENTOS DE TIC - IMPRESSORAS,26269,UNIVERSIDADE FEDERAL DO ESTADO RIO DE JANEIRO,154034,UNIRIO UNIVERSIDADE FEDERAL DO ESTADO RJ,"R$ 0,00"
44905245,EQUIPAMENTOS DE TIC - IMPRESSORAS,26269,UNIVERSIDADE FEDERAL DO ESTADO RIO DE JANEIRO,154034,UNIRIO UNIVERSIDADE FEDERAL DO ESTADO RJ,"R$ 13.233,00"
44905247,EQUIPAMENTOS DE TIC - TELEFONIA,26269,UNIVERSIDADE FEDERAL DO ESTADO RIO DE JANEIRO,154034,UNIRIO UNIVERSIDADE FEDERAL DO ESTADO RJ,"R$ 236,70"
44905251,PECAS NAO INCORPORAVEIS A IMOVEIS,26269,UNIVERSIDADE FEDERAL DO ESTADO RIO DE JANEIRO,154034,UNIRIO UNIVERSIDADE FEDERAL DO ESTADO RJ,"R$ 0,00"
44905251,PECAS NAO INCORPORAVEIS A IMOVEIS,26269,UNIVERSIDADE FEDERAL DO ESTADO RIO DE JANEIRO,154034,UNIRIO UNIVERSIDADE FEDERAL DO ESTADO RJ,"R$ 5.905,31"
44905257,ACESSORIOS PARA VEICULOS,26269,UNIVERSIDADE FEDERAL DO ESTADO RIO DE JANEIRO,154034,UNIRIO UNIVERSIDADE FEDERAL DO ESTADO RJ,"R$ 4.172,18"
44905298,INSCRICAO DE RESTOS A PAGAR - EQUIPAMENTOS  E  MATERIALPERMANENTE,26269,UNIVERSIDADE FEDERAL DO ESTADO RIO DE JANEIRO,154034,UNIRIO UNIVERSIDADE FEDERAL DO ESTADO RJ,"R$ 0,00"
44905298,INSCRICAO DE RESTOS A PAGAR - EQUIPAMENTOS  E  MATERIALPERMANENTE,26269,UNIVERSIDADE FEDERAL DO ESTADO RIO DE JANEIRO,154034,UNIRIO UNIVERSIDADE FEDERAL DO ESTADO RJ,"R$ 0,00"
44905298,INSCRICAO DE RESTOS A PAGAR - EQUIPAMENTOS  E  MATERIALPERMANENTE,26269,UNIVERSIDADE FEDERAL DO ESTADO RIO DE JANEIRO,154035,HOSPITAL UNIV. GAFFREE E GUINLE DA UNIRIO,"R$ 0,00"
44905298,INSCRICAO DE RESTOS A PAGAR - EQUIPAMENTOS  E  MATERIALPERMANENTE,26269,UNIVERSIDADE FEDERAL DO ESTADO RIO DE JANEIRO,154035,HOSPITAL UNIV. GAFFREE E GUINLE DA UNIRIO,"R$ 0,00"
44913981,"MARCAS, DIREITOS E PATENTES INDUSTRIAIS",26269,UNIVERSIDADE FEDERAL DO ESTADO RIO DE JANEIRO,154034,UNIRIO UNIVERSIDADE FEDERAL DO ESTADO RJ,"R$ 142,00"